product,link,snippet,Comapany
Industrial,https://www.google.com/search?sca_esv=4490efdd07ced03b&cs=1&q=industrial&stick=H4sIAAAAAAAAAD2QvUoDQRSFjawaV0UY_ItaXCRqI8QfUCxjiCQKNgZEmzDu3mTH7Oysc2eN8RW0SWVn4RP4Fr6Dvc0WVlZWDqtJeTjcc7578jtrue2ruYaKIRCGe4GAWCs_8Qz95FaOtZJAKtEeEnBPKyIwAUIXr39G883qWaPeuGy-ObnUmWZuPfITMlrwMHVWWKH2n2eQjIjagLeJiCVGJnU22fpFwA2Q5NpAC7lJtG0YEHCPQLVaqLPYipKxdUlZ6br5kixt70rZtJ7rZkKHB771lthCWWigHhmUBJJHvI1_fZNs4ihUXdSUOlPuZHbVae_fDNWO7O7ep84GK1ZD9OwPHg9tgoWJUPfAU5HRKhxkp84qW643QEQtze3Hdi3LD4T6TtilhpidQ7Khs2zmIkAMIVTczxAW2XxNSQRucW20L4xQtodex1wx3PBjvDDy-Pm0V3t3ziunWy9v3_3n6tdDoXzSL_4CuCRosrYBAAA&sa=X&ved=2ahUKEwj8xIClzZaGAxUBbmwGHUsiD3MQ7fAIegQIABBd,"System , Construction Machinery / Equipment / Material , Distribution , etc...",Hitachi Ltd
Hitachi testing equipment,https://www.google.com/search?sca_esv=4490efdd07ced03b&cs=1&q=hitachi+testing+equipment&stick=H4sIAAAAAAAAAHWQvU4CQRSFxawKq8Zk4h9icWP8aUwQTDSWSDCgiY0kRhsy7l7YkZ0dnDsr4itoQ2Vn4RPwFr6Dvc0WVlZUTvCnszw5ued896QLa6nC5XxddSAQhnuBgI5WfuwZGqZyR1pJIBVrDwm4pxURmAChi1fD8XSjclqv1S8aAyeVODPMrUV-TEYLHiZOjmWrP3kGyYioBXgTi47EyCTOFts4D7gBklwbaCI3sbYNvwTcI1DNJupRbFnJjnVJWem66bzM7xSlbFjPdUdCh_u-9ZbZYklooB4ZlASSR7yF330ZNnUYqi5qSpxpNzO6arf2rv9UQXaLd4mzydYrIXr2B4-HNsHCRKh74KnIaBX-ZifOKlup1UFETc3tx3Ytyw-E-lbYpf4w2wdkQ-fY7HmAGEKouD9CWGILVSURuMW10b4wQtkeepnIBv-N9jaZHXt4f9ytvjpn5ZPt58Fn_6nycZ8tHffXvwDEJyRexQEAAA&sa=X&ved=2ahUKEwj8xIClzZaGAxUBbmwGHUsiD3MQ7fAIegQIABBu,"At  America, we serve as catalysts for data-driven digital transformation and climate action. Harnessing our proficiency in green and digital ...",Hitachi Ltd
What smart features hitachi acs offer,https://www.google.com/search?sca_esv=4490efdd07ced03b&cs=1&q=what+smart+features+hitachi+acs+offer&stick=H4sIAAAAAAAAAI2QvUoDQRSFjayarIow-Be1uIg_jRCNoFhqiCQKNgZEmzDu3s2O7uzEubPG-AraWNlZ-AR5C9_B3mYLK6tUDqumtjwc7jnfPfmt5Vz5Yrqh2hAKw71QQFsrP_EM9XOLh1pJIJVoDwm4pxURmBChg5f94XyzetKoN86bPSeXOhPMrcd-QkYLHqXOIivWfvMMkhFxC_AmEW2JsUmddbZ6FnIDJLk2ECA3ibYNfwTcI1BBgDqLrSjZti4pK103X5KlzbKUTeu5biZ0tOtbb57N7gsN1CWDkkDymLfwp6_Axg4i1UFNqTPuFrKr69bO1UBtyU75LnXW2Eo1Qs_-4PHIJliYGHUXPBUbraK_7NRZYgv1Bog40Nx-bNey_ECob4VdaoB5vUc2dIpNnoWIEUSK-xnCHJupKYnALa6N9oURyvbQ68hq5z-zvI8Whx4-Hrdrb85p5Xjjpff19Fz9vC_uHz2tfAODy9je0QEAAA&sa=X&ved=2ahUKEwj8xIClzZaGAxUBbmwGHUsiD3MQ7fAIegQIABB-,tons of . Selected models come with  intelligent Penta sensor technology with advanced microcontroller. It offers ...,Hitachi Ltd
Compressor,https://www.google.com/search?sca_esv=4490efdd07ced03b&cs=1&q=compressor&stick=H4sIAAAAAAAAAD2QTy9DQRTFVR7ah0gm_hWLGyk2kqIJsSyptCQ2mgibZsy77Rt986bmzlP1FdhY2Vn4BL6F72Bv8xZWVlYmpV2enNxzfudmt1czpcvZuu5AKC0XoYSO0UEiLP1klo-MVkA6MQIJuDCaCGyI0MWrn9Fso3Jar9UvGm9eJvWmmF-Lg4SskTxKvWWWr_7nWSQr4xbgTSI7CmObehts7TzkFkhxY6GJ3CbGNQwIuCDQzSaafuyhVh3nknbS97NFVdzaUarhPN_vCxPtBc5bZPNlaYB6ZFERKB7zFv715djEQaS7aCj1Jv1c_6rd2r0eqm3V3blLvXVWqEQo3AbBI5fgYGI0PRA6tkZHg-zUW2FLtTrIuGm4W-y-5fiB0NxK96khZnufXOgMmz4PESOINA_6CAtsrqoVAne4LjqQVmrXQ69jvhiO_RjPjzx8Ppaq797Z4cnmy9v303Pl6z5fPn4q_AIPx6h2tgEAAA&sa=X&ved=2ahUKEwj8xIClzZaGAxUBbmwGHUsiD3MQ7fAIegUIABCPAQ,EV Charger. Traction Motors. . Pump system. Induction Motor. Medium Voltage Multi-level IGBT Drives. Electric railroad transformers.,Hitachi Ltd
Energy,https://www.google.com/search?sca_esv=4490efdd07ced03b&cs=1&q=energy&stick=H4sIAAAAAAAAAD2Qu0oDQRSGjawaV0UYvEUtDuKlEeINxTJKJFGwMSDahHH3JDu6sxPnzBrjK2iTys7CJ_AtfAd7my2srKw8xEs1_Bzm-79z8usLua3ziZppQaScDCIFLWvCNHD0lZs7sEYDmdQGSCADa4jARQhtvPjqz9fLx7Vq7az-4uUyb1T41SRMyVkl48ybE4XKL88hOZU0Aa9T1dKYuMxbEUunkXRAWloHDZQutdzwZyADAtNooO1h941u8ZQMR9_PF3VxbUPrOs98vxdsvBPybEZMlZQF6pBDTaBlIpv40zcshvZi00ZLmTfiD_d-XTW3L__Tum5v3GbeslgsxxjwDoGMmcAyCdoOBCZx1sR_7MybF7PVGqikYSVvzNdifyC0N4ov9a95tUsMHRdjpxFiDLGRYU9hWkxWjEaQrMvoUDlluIeeBwaR32bnbbDQd__-sFl59U72j1afXj67j-WPu0LpsLv4Dcj678yyAQAA&sa=X&ved=2ahUKEwj8xIClzZaGAxUBbmwGHUsiD3MQ7fAIegUIABCaAQ,. We believe the only solution for fulfilling the growing power requirements of industries and society is through a comprehensive portfolio of ...,Hitachi Ltd
Audiovisual,https://www.google.com/search?sca_esv=4490efdd07ced03b&cs=1&q=audiovisual&stick=H4sIAAAAAAAAAD2Qu0oDQRSGjayarIoweItaHMRLI8QLKpYqkUTBxkDQJoy7J9kxMzvrnNlEfQVtrOwsfALfwnewt9nCysrKIWrKw8_5_u-c_MZibvtisqYTiITlQSQgMTpMA0vfufkjoxWQTk2ABDwwmghshNDFy-_BfKN8WqvWzhuvXi7zxphfjcOUrBFcZt48K1b-eBbJirgFeJ2KRGFsM2-VLdcjboEUNxaayG1qXMO_AQ8IdLOJpoc91CpxKWk3-n6-pErrm0o1XOb7vcHI3dBls2x6XxigW7KoCBSPeQt_-wps5EDqLhrKvFG_0Ntqt3au-tOG6m7eZN4KWypLDNwNAZeO4GRiNLcQ6NgaLf_ZmbfA5qo1EHHTcHex-5bzB0LTEe5Tfc32HjnoBBuvR4gSpOZhT2GGTVW0QuBO16FDYYV2PfQyNMrTUOiOoJTL9-HiwP3Hw1blzTs7PFl7fv16fCp_3hX3jx-XfgAZk2UTtwEAAA&sa=X&ved=2ahUKEwj8xIClzZaGAxUBbmwGHUsiD3MQ7fAIegUIABCtAQ,". Since 1956, Hitachi audio visual products have provided state of the art solutions to consumers all over the world. It has been our ...",Hitachi Ltd
Air systems management,https://www.google.com/search?sca_esv=4490efdd07ced03b&cs=1&q=air+systems+management&stick=H4sIAAAAAAAAAG2QTy8DURTFVQY1iOSFUixupNhI_EsqltVUWhIbTRo2zTNz23nMmzfefaP4Cmy6srPwCfotfAd7m1lYWVl5Ke3K8uTknvM7N7uzmilezNVVDIEw3AsExFr5iWfoO7N8pJUEUon2kIB7WhGBCRA6ePk9mm1WTuu1-nmz52RSZ5q5tchPyGjBw9RZZvnqX55BMiJqA94kIpYYmdTZYGuNgBsgybWBFnKTaNswIOAegWq1UPdjy0rG1iVlpetmt-TW9q6UTeu5bl_ocN-33iLLlYQGuieDkkDyiLfxt2-STRyGqoOaUmfKnexfXbeLV0O1Izu7d6mzzgqVED27weOhTbAwEep78FRktAoH2amzwpZqdRBRS3O72H7L8gOhvhX2U0PM6wOyobNsphEghhAq7vcRFth8VUkEbnFttC-MULaHXsdy_N8F7-P5kcePp73qm3NWPtl86X11nyufD_nScbfwAwZp3sXCAQAA&sa=X&ved=2ahUKEwj8xIClzZaGAxUBbmwGHUsiD3MQ7fAIegUIABC6AQ,"Scientific Research & Laboratory Equipments. Hitachi focuses on extensive research and development, transformative technology, and  innovation to unfold ...",Hitachi Ltd
Blowers,https://www.google.com/search?sca_esv=4490efdd07ced03b&cs=1&q=blowers&stick=H4sIAAAAAAAAAD2QPUsDQRCGjZwaT0VY_IqxGCRqI8QPUCw1RBIFGwNBm7C5m-RWb2_PnT2j_gVtrOws_AX5F_4He5srrKxSuSQm5fAyz_vMZHfXM4fXCzUVQyAM9wIBsVZ-4hnqZfKnWkkglWgPCbinFRGYAKGDzd54tlG-qFVrV42uk0mdWeZWIz8howUPUyfPcpV_nkEyImoD3iUilhiZ1NliG_WAGyDJtYEWcpNo2zA04B6BarVQ97ElJWObkrKj62aLsrizJ2XDZq7bH3R46NtshS0dCw30SAYlgeQRb-Ogb5pNnYSqg5pSZ8ad7m_dtg9uRtOu7Ow9pM4mK5RD9OwNHg8twcpEqB_BU5HRKhyyU2eNrVZrIKKW5vZi-y3rD4T6XthPjTRvj8hC59lcPUAMIVTc7ysss8WKkgjc6lq0L4xQtoc-JqaaA82vydzY8_fLfuXTuSydb793f1_fyj9PueOz18IfrSFQ37MBAAA&sa=X&ved=2ahUKEwj8xIClzZaGAxUBbmwGHUsiD3MQ7fAIegUIABDIAQ,"Industrial Computer ""HF-W Series"". Fans & . Electrical machinery control systems. Hitachi Testing Equipment. Logistics systems. page top. Hitachi ...",Hitachi Ltd
Compactor,https://www.google.com/search?sca_esv=4490efdd07ced03b&cs=1&q=compactor&stick=H4sIAAAAAAAAAD2QvU4bQRSFMdqAvYCQRgmJgeIK8dMgGYMESelYjuwg0WAJQWMNs9fewTs7Zu4sDnmFpHGVjoIn8FvkHehptqCiouLK_JRHR_ec79xida3w9exj2w4g1l6qWMPA2ShTnp4KKz-cNUA2cwoJpHKWCHyMMMTzp-lip3HUbrVPO-OgkAfzImylUUbeaZnkwYooN1_zPJLXaQ_wMtMDg6nPgy2xcRJLD2Sk89BF6TPHDW8EUhHYbhfdJLZuzYBdsizDsFgxlZ1dYzrsheFEuOQgYu-LWKppB3RNHg2Bkans4UtfScx-T-wQHeXBXFiaXPV7-xfvqmqGu7_yYFOsNxJUvEHJhBMYJkV3Dcqm3tnkLTsPVsVyqw067TrJi_lbzA-E7krzp94x-9-IQxfFwkmMmEBiZTRB-Cw-Na1BkIzL0ZH22nIP3X4oKR4rlbfubqY89ef-717zf3BcP9y-GT-O_jUefpdrP0frz4_0-MO1AQAA&sa=X&ved=2ahUKEwj8xIClzZaGAxUBbmwGHUsiD3MQ7fAIegUIABDTAQ,. Pursuing optimum operating performance and enhancing operability and safety. Large ...,Hitachi Ltd
Health care,https://www.google.com/search?sca_esv=4490efdd07ced03b&cs=1&q=health+care&stick=H4sIAAAAAAAAAD2QTS9DQRSGVS7qIpKJr2JxIj42kioJsaSptCQ2mgibZsw97R2duVNz5ir-AhsrOwu_oP_Cf7C3uQsrKyuT-lievDnP-5yTLy3lds-n6qYDsXRcxBI61kSpcPSVWziwRgOZ1Aok4MIaInAxQhcvvgbzjcpxvVY_a_SCXBaMs7CWRCk5K7nKggVWqP7yHJKTSQvwKpUdjYnLgjW2chpzB6S5ddBE7lLrG_4MuCAwzSbaPrZsdMenZPwYhvmiLm5sat3wWRj2B6t2Ip_NsZk9aYFuyaEm0DzhLfzpG2Uj-8p00VIWjIWj_a12a_vyfyrp7uZNFqyy5YpC4W8QXHmCl0nQ3oIwibNG_bGzYJHN1-ogk6bl_mL_Le8PhPZa-k_9a7Z3yUMn2cRpjKhAGR71FWbZdNVoBO51PTqSThrfQy9DYzFy5WIQ3OLbcGHg_v1hq_oanJSP1p97n49PlY-7wt7h4_I3OKsDCbcBAAA&sa=X&ved=2ahUKEwj8xIClzZaGAxUBbmwGHUsiD3MQ7fAIegQIABAE,"& Life Sciences. At Hitachi, we believe that  innovation is crucial to a society's advancement. A strong  sector is often ...",Hitachi Ltd
Electrical machinery control systems,https://www.google.com/search?sca_esv=4490efdd07ced03b&cs=1&q=electrical+machinery+control+systems&stick=H4sIAAAAAAAAAI2Qu0oDQRSGVVZNVkUYvMVYHCRqI-QiKJYaIomCjYGgTRh3T7JjdnbWObNGfQVtUtlZ-AS-he9gb7OFlZWVQ7zUloef8_3fOZny6li5dDbXVDEEwnAvEBBr5Seeoc_R_IFWEkgl2kMC7mlFBCZA6OP551imXTtuNpqn7WdnNHWmmduI_ISMFjxMnTzL1X94BsmIqAt4mYhYYmRSZ4OttQJugCTXBjrITaJtw68B9whUp4N6iK0qGduUlB1dN1OUxVJFyrbNXHc46HDHt9kSW9gTGuiGDEoCySPexe--LJvcD1UfNaXOlJsdbvW62xd_U1n2K9eps84KtRA9e4PHQ0uwMhHqG_BUZLQKf9mps8KWG00QUUdze7H9lvUHQn0l7Kf-NHu7ZKGzbKYVIIYQKu4PFRbZfF1JBG51LdoXRijbQ0_jBfxH_etEbuTu7X6r_uKcVI82H58_Bg-199vc3uGg8AWH2tBy0QEAAA&sa=X&ved=2ahUKEwj8xIClzZaGAxUBbmwGHUsiD3MQ7fAIegQIABAT,"Industrial Computer ""HF-W Series"". Fans & Blowers. . Hitachi Testing Equipment. Logistics systems. page top. Hitachi ...",Hitachi Ltd
IT infrastructure services,https://www.google.com/search?sca_esv=4490efdd07ced03b&cs=1&q=it+infrastructure+services&stick=H4sIAAAAAAAAAHWQPU8CQRCGxZwKp8Zk4xdoMTGojQmCicYSDQY0sZGEaEPWu4Fbub3FnT0R_4I2VnYW_gL-hf_B3uYKKysqN_jRWU7ezPM-M-ni2nixeDFfV10IhOFeIKCrlR97hoaplSOtJJCKtYcE3NOKCEyA0MPL4Xi6WTmt1-rnzYGTSpwZ5tYiPyajBQ8TZ4Vlqz88g2RE1Aa8jkVXYmQSZ5OtNwJugCTXBlrITaxtw68B9whUq4V6hD1UsmtTUnZ03XRBFrZLUjZt5rqjQYd7vs2W2WJZaKA-GZQEkke8jd99GTZ1EKoeakqcaTcz2uq0d6_-pqLslW4TZ4PlKyF69gaPh5ZgZSLUffBUZLQKf9mJs8pytTqIqKW5vdh-y_oDob4R9lN_mp19stA5NtsIEEMIFfdHCktsoaokAre6Fu0LI5TtoZeJnDD_Ud8ms2P37w871Vfn7PBk63nw-fhU-bjLlo8f819KI_LJxwEAAA&sa=X&ved=2ahUKEwj8xIClzZaGAxUBbmwGHUsiD3MQ7fAIegQIABAj,. Hitachi's state-of-the-art IT products and services are known to streamline business processes which result in better productivity ...,Hitachi Ltd
Logistics,https://www.google.com/search?sca_esv=4490efdd07ced03b&cs=1&q=logistics&stick=H4sIAAAAAAAAAD2QvU4jQRCEAS1gLyCkEXAYCFqInwSJs5E4EQIyskEiwRKCxBpm2945ZnbM9OwZ7hXuEqLLLuAJeAvegZxkAyIiIlrmJyyVuurrKlWXR6q185mW60Gqg1Sphp53Sa4CvQ4vHnhngVzuFRJI5R0RhBShjxevI6V2_bjVbJ2176PhIpoUcTNLcgpeS1NEi6LS-MgLSEFnXcCrXPcsZqGI1sXqaSoDkJU-QAdlyD03fBJIReA6HfSD2H1ne-ySYxnHpU27-b1mbZu9OB4Ib34k7M2LuV3tgW4ooCWwMpNdfO8ri_E94_roqYgm4vLg6rK7_fNLVW2_dl1Ea2KlblDxD0oaTmCYDP0NKJcF78xndhEtiYVmC3TW8ZI_5rWYHwj9L81LfWFe7hCHToup0xTRgHEyGSB8E7MNZxEk43J0ooN23EN3o2XjuprnUvQ4Vhn68_R3q_EQnewfbfy_f7n9V3_-Xdk9vF15A5lvSmS2AQAA&sa=X&ved=2ahUKEwj8xIClzZaGAxUBbmwGHUsiD3MQ7fAIegQIABAw,"Scientific Research & Laboratory Equipments. Hitachi focuses on extensive research and development, transformative technology, and  innovation to unfold ...",Hitachi Ltd
Wheel loaders,https://www.google.com/search?sca_esv=4490efdd07ced03b&cs=1&q=wheel+loaders&stick=H4sIAAAAAAAAAE2Qv04CQRCHxZwKp8Rk4z_EYmJQGxNEE42lEgxoYiOJ0YasdwO3cnuLO3sivoI2VnYWPgFv4TvY21xhZUXlBsVYTn673--bSZdWx0s7l3N11YFAGO4FAjpa-bFnaJDKH2klgVSsPSTgnlZEYAKELl4NxtONymm9Vr9o9J1U4swwtxb5MRkteJg4eZar_vIMkhFRC_AmFh2JkUmcDbZ2HnADJLk20ERuYm0bRgbcI1DNJuohtqxkx6ak7Oi66aIsbm1L2bCZ6w4HHe75NltiCwdCA_XIoCSQPOIt_OnLsKnDUHVRU-JMu5nhr3Zr9_pvKsnu9l3irLNCJUTP7uDx0BKsTIS6B56KjFbhiJ04K2y5VgcRNTW3G9trWX8g1LfCXupPs71PFjrLsucBYgih4v5QYZHNV5VE4FbXon1hhLI99DqR7f5_-T6ZG3v4eNypvjln5ZPNl_7X03Pl8z53cPxU-AbciknnugEAAA&sa=X&ved=2ahUKEwj8xIClzZaGAxUBbmwGHUsiD3MQ7fAIegQIABBC,"Construction. Hydraulic Excavators: operating weight 10t or more to less than 100t, : engine outputs of 50kW and higher ...",Hitachi Ltd
Home air conditioners,https://www.google.com/search?sca_esv=4490efdd07ced03b&cs=1&q=home+air+conditioners&stick=H4sIAAAAAAAAAG2Qzy8DQRTHVRbtIpKJoji8SHGRVBHiWFJpSVw0abg0Y_e1O-zsrHmzqv4FLk5uDv6C_hf-B3eXPTg5OZnUj5Pjd17m8_28ly0vDZe3zqYbKoZAGO4FAmKt_MQz9JlZONBKAqlEe0jAPa2IwAQIXTz_HM62qseNeuO01XcyqTPB3HrkJ2S04GHqLLBC7YdnkIyIOoBXiYglRiZ1VtlyM-AGSHJtoI3cJNo2_Bpwj0C126gH2H0lYzslZaPrZkuytL4hZcvOXHcQdLjj29kcm6kIDdQjg5JA8oh38Lsvx8b2QtVFTakz7uYGvy472xd_qSy7Gzeps8KK1RA9u4PHQ0uwMhHqHngqMlqFv-zUWWTz9QaIqK253dhey_oDob4W9lJ_mpe7ZKFTbLIZIIYQKu4PFGZZvqYkAre6Fu0LI5TtoeeRfPDf--toYeju7X6z9uKc7B-tPfU_Hh6r77eFyuFD8QvXBKDrwgEAAA&sa=X&ved=2ahUKEwj8xIClzZaGAxUBbmwGHUsiD3MQ7fAIegQIABBP,"conditioning systems · Hitachi Cooling & Heating is expert on creating comfortable living spaces through the design and manufacture of reliable, efficient ...",Hitachi Ltd
Excel,https://www.google.com/search?sca_esv=4490efdd07ced03b&cs=1&q=excel&stick=H4sIAAAAAAAAAGVRP0_CQBwVc_w7RPESMW6NX4C2_KmMGhlMQDAQURdC22s9KBxcSwvMOumnYHJ08gs4-BFM3F3OybA5WcAAidv93rv3fr-XF5EOA-JN0qE9oUM0Rm1qOEKPUX2gOfZPIFnzidJ_YjPSKJzXzmrXjWcQ4CCMgoWhhi0OIIqUu_iUERdzsAVhqpMSMyPFYkMOkjAyG9uKayFYoR5mFUq6DgdRFK6Trk4929cg-PcWJImDEAJXKvXFuzA6E6tDhXkInJCuycEOjKfMlCRpYr-hi57MQWzxK3N0m2drvK3KZl_sLXnZGrvSasp5hu-WWJyXlUcuAnXKdD_NAkoPPXHl1hrLRtZup30ExcuGQTQsdKhKLD9xDEXnwQRVIMv8aS1n5q15tOpFUahi5uK169p9xdRaWouDfbRXHTCj6RsWm71ZJ1VnoBM633RJ7EHTWiIJtL3qpaCbeBIM4lkHH6GDjYfPx7T4Wnm5v4Nf03drWuok3yZP38e_n6cWKu4BAAA&sa=X&ved=2ahUKEwjpsbC2yZaGAxUyTGwGHU45BTsQ7fAIegUIABCLAg,"Microsoft . For a college student, Microsoft  is one of the most used tools you need to know. Any jobs that you will apply for after your ...",Microsoft Corporation
OneDrive,https://www.google.com/search?sca_esv=4490efdd07ced03b&cs=1&q=onedrive&stick=H4sIAAAAAAAAAGVRy07CQBQVM0gZxMck1rhr_AHa8tKlRhYmIJgSXxtC22kdKB2YlhZY60q_gpVLV_6ACz_BxL2bcWXcubKAARN3955zz5l75grKbky5En3alTrEYNSjli91GTX7hu99x8R6RFT-E8tCo3RSP65fNh5BjIMEipcGBnY4gEiouviIkQBzsAphppORc8OiwwYciFCYtO1i4CBYoyFmNUpcn4MkSpwT16ShF2kQ_K0lReFgBYELnUbiTZiciPVBkYUIHBLX5mAdpjN2RlEMudcw5VDlIDWbyu1d77M_vKerdk_uznnVGQXKoiuEVuS2MVsvrw4DBM4pM6M0Myg7COWFW2ukWnmvnY0QlK5aFjGw1KE6caLEKZScBpN0iczzZ42Cve9Mo2mnZUnDLMB_tmv3irbRMlocbKMtrc-sZmRYbnYnN9H8vkno9KUz4vWbzhzZQGuLu5RMG4_jAnWxOfn5t5Wdpbv3-6z8XHu6vYEfX6_OV6UjvowfPg9-AIvY0kHxAQAA&sa=X&ved=2ahUKEwjpsbC2yZaGAxUyTGwGHU45BTsQ7fAIegUIABCcAg,Microsoft . It is a cloud storage service that allows users to store and share files. It is integrated with other Microsoft products like Windows ...,Microsoft Corporation
Microsoft Azure,https://www.google.com/search?sca_esv=4490efdd07ced03b&cs=1&q=microsoft+azure&stick=H4sIAAAAAAAAAGVRvU4CQRgUsyAsIriJGLuLL8Dd8SelRgoTEAxE1IZwd3vnwsHC3h9Qa6VPQWVp5QtY-Agm9jZrZeisPMAAid1-MzvzfZMJS4cB-SZp077QJSqjFtVtoc-o5qi29RNI1n2i_J_YDDeL5_Wz-nXzGQQ42ELB4lDFJgcQhSs9fMqIiznYhjDVTYmZUd5kQw6SMDwbO3nXRLBKPcyqlPRsDiJoq0F6GvUsX4Pg31uQJA5CCFwp1BfvwshMrAzzzEPghPQMDuIwljJSkqSKg6YmejIH0cWvzNFtga3xliIbA7G_5GVz7EqrKefpvlticV5WHrkINCjT_DQLKD30xJVbeyzrWauT9hEUq-g6UbHQpQox_cRRFJkHExSBLPOn1ZxRMOfRahcloYaZi9eu6wzyhtpW2xzso72aw_SWb1hq9Wed1GxHI3S-6ZJYTstcIgm0s-qlqBl4EoyvGmyNHYY_QgcbD5-PafG1-nJ_B7-m7-a03E2-TZ6-j38BWHUfv_gBAAA&sa=X&ved=2ahUKEwjpsbC2yZaGAxUyTGwGHU45BTsQ7fAIegUIABCqAg,Microsoft  is a cloud computing platform developed for the public. The cloud platform alone supports 200 different products along with cloud service ...,Microsoft Corporation
PowerPoint,https://www.google.com/search?sca_esv=4490efdd07ced03b&cs=1&q=powerpoint&stick=H4sIAAAAAAAAAGVRu04CQRQVM7wGUZxEjN3GH2AfPKTUSGECgoGI2hD26cDCLLPLLlBrpV9BZWnlD1j4CSb2NmNl6KzcBQMkdnPPmXPuPffGhMOQdJN2iMX1sEKJTXSHsyhRh4pj_4TSDZ-o_Cc2Y63SeeOscd16BiEGoihcGimayQBEsWpfO6XY1RjYgjDTy_DZccGkIwbSMBaU3YJrIlgjnkZrBPcdBuIo2sR9lXi2r0Hw780JAgMRBK5k4ot3YTwQy6MC9RA4wX2DgR2YzBgZQVD4QUvlPZGBxOJX9ui2SNd4WxaNAW8tedGcuMKqynu675ZajJcTxy4CTUJVP80CkkYev3LrTEQ9Z3clH0HJqq5jReN6RMamnziB4vNgnMzhZX5JyRtFcx6tflHm6hp1tbXpuoOCoXSUDgP7aK8-pHrbNyy3reAmdWeoYjLvdIntYdtcIim0vbpLSTW0aRhaQWsr2OlH5GDj4fNR4l9rL_d38Gv2bs4qvfTb9On7-BcGWSVk8wEAAA&sa=X&ved=2ahUKEwjpsbC2yZaGAxUyTGwGHU45BTsQ7fAIegUIABC9Ag,"Microsoft . If you are a student who needs to present a report to your teacher, Microsoft  is the best Microsoft software product for ...",Microsoft Corporation
Windows,https://www.google.com/search?sca_esv=4490efdd07ced03b&cs=1&q=windows&stick=H4sIAAAAAAAAAGVRu04CQRQVM7wGUZzENXYbf4Dd5SWlRgoTEMwSURvCPh1YGJhddhdqrfQrqCyt_AELP8HE3masDJ2VCxggsbv3nHvO3DM3Jh6GsjecQ_p8F6uU2MRw-D4l2lB17J8QVw-Iyn9iM9YsndfP6tfNZxBiIIrCJV_VLQYgilV7-inFrs7AFoTpblrIjgoW9RngYGzWdgquhWCNeDqtEdxzGIijaAP3NOLZgQbBv5oXRQYiCFwpJBDvwvhMrPgF6iFwgnsmAzswmTbToqgKg6YmeBIDicVU9ui2SNd4W5HMgdBf8pI1dsVVl_eMwC21WC8njVwEGoRqQZoFlPE9YeXWHktGzu5kAgQlq4aBVZ3vEgVbQeIEis-D8QqPl_kzat4sWvNo8kWZl3Xq6mvbdQYFU22rbQb20Z48pEYrMCy3-rObyM5Qw2T-0iW2hy1riaTQ9uouJc3UJ-Got_i4j8jBxsPnY0Z4rb3c38Gv6bs1rXS5t8nT9_EvRTccVfABAAA&sa=X&ved=2ahUKEwjpsbC2yZaGAxUyTGwGHU45BTsQ7fAIegUIABDNAg,Microsoft . The  operating system is undoubtedly one of the most influential products of all time. It was initially launched on November 20 ...,Microsoft Corporation
Windows 11,https://www.google.com/search?sca_esv=4490efdd07ced03b&cs=1&q=windows+11&stick=H4sIAAAAAAAAAGVRu04CQRQVM7wGUZzENXYbf4Dd5bFSaqQwAcFARG0I-3RgYWD2BdRa6VdQWVr5AxZ-gom9zVgZOisXMEBid-8595y5Z25MPAzlbjiH9PkuVimxieHwfUo0V3XsnxBXD4jyf2Iz1iye18_q181nEGIgisLFoapbDEAUq_T0U4o9nYEtCNPdtJAdyRYdMsDB2KztyJ6FYJX4Oq0S3HMYiKNoA_c04tuBBsG_mhdFBiIIXCkkEO_C-EysDGXqI3CCeyYDOzCZNtOiqAqDpib4EgOJxVT26LZA13hbkcyB0F_ykjX2xFWX943ALbVYLyeNPAQahGpBmgWUGfrCyq09loyc3ckECEpWDAOrOt8lCraCxAkUnwfjFR4v82fUvFmw5tFqFyW-plNPX9uuM5BNta22GdhHezWXGq3AsNTqz25Sc1wNk_lLl9h2W9YSSaHt1V2KmqlPwtBfftxH5GDj4fMxI7xWX-7v4Nf03ZqWu9zb5On7-Bc0Oz8k8wEAAA&sa=X&ved=2ahUKEwjpsbC2yZaGAxUyTGwGHU45BTsQ7fAIegUIABDeAg,".  is the most secure  ever. From devices to the cloud,  helps to strengthen identity and protect data, with protocols ...",Microsoft Corporation
Xbox,https://www.google.com/search?sca_esv=4490efdd07ced03b&cs=1&q=xbox&stick=H4sIAAAAAAAAAGVRu04CQRQVM7wGUZxEjN3GH2B3eUmpkcIEBAMRtSHs04GFgdlld6HWSr-CytLKH7DwE0zsbcbK0Fk5gAESu3vPuefMPXMj0mEgd5N0SF_oYpUSmxiO0KdEG6qO_RNI1jlR_k9sRprF8_pZ_br5DAIMhFGw6Ku6xQBEkUpPP6XY1RnYgjDVTYmZUd6iPgNJGJm1nbxrIVglnk6rBPccBqIo3MA9jXg21yD4VwuSxEAIgSuFcPEujM7Eip-nHgInuGcysAPjKTMlSao4aGqiJzMQW0xljm4LdI23FdkciP0lL1tjV1p1Oc_gbonFell55CLQIFTjaRZQ2vfElVt7LBtZu5PmCIpXDAOrutAlCrZ44hiKzoMJioCX-dNqzixY82i1i5JQ06mrr23XGeRNta22GdhHe7UhNVrcsNTqz25Sc4YaJvOXLrE9bFlLJIG2V3cpaqY-CQKf_9RH6GDj4fMxLb5WX-7v4Nf03ZqWu8m3ydP38S-DAkgE7QEAAA&sa=X&ved=2ahUKEwjpsbC2yZaGAxUyTGwGHU45BTsQ7fAIegUIABDvAg,", which is popular among gamers, was developed by Microsoft in 2001. Later,  360 was launched in 2005.  360 has created a new arena for ...",Microsoft Corporation
Bing,https://www.google.com/search?sca_esv=4490efdd07ced03b&cs=1&q=microsoft+bing&stick=H4sIAAAAAAAAAGVRvU4CQRgUsyAsgriJGLuLL8Dd8XNSaqQwAcFARG0I9-vCwcLecQfUWulTUFla-QIWPoKJvc1aGTorFzBAYrffzM7sNzth6TCg3CRd0hM6WKPEIaYr9CjRB5rr_ASSNU6U_hOb4UbhvHZWu248gwADWyhYGGqGzQBE4XLXOKXYMxjYhjDVSYmZkWLTIQNJGJ6NbcWzEawQ36AVgrsuAxG0VcddnfgO1yD4dxYkiYEQAlcq4eJdGJmJ1aFCfQROcNdiYAfGUlZKkjSx39BFX2YguriVObrN0zXeUWWrL_aWvGyPPWk15XyTuyUW62XlkYdAnVCdp1lA6aEvrtxaY9nMOu00R1CsbJpYM4QOUbHNE0dRZB5MUAW8zJ_WclbenkerXhSFqkE9Y227dl-xtJbWYmAf7VUH1Gxyw2KzN-uk6g50TOYvXWJn0LSXSALFV70UdMuYBOOrBlX-Px-hg42Hz8e0-Fp5ub-DX9N3e1rqJN8mT9_Hv-hbIEr3AQAA&sa=X&ved=2ahUKEwjpsbC2yZaGAxUyTGwGHU45BTsQ7fAIegUIABCAAw,.  is a popular search engine that was overshadowed by the success of Google. The search engine was launched in 2009 and was a replacement for Live ...,Microsoft Corporation
Microsoft Dynamics 365,https://www.google.com/search?sca_esv=4490efdd07ced03b&cs=1&q=microsoft+dynamics+365&stick=H4sIAAAAAAAAAGVRu04CQRQVMygM4mMS19ht_AH2wUNKjRQmIBiIqA1hnw4sOzC77AK1VvoVVJZW_oCFn2BibzNWhs7KAQyY2M25Z8659-TE5IPI4bXgk67YwTolHrF8sUuJ0dd97zsi1DhR-k-sxhqFs9pp7arxBCIMrKNoYaCbDgMQxcqueUJxYDKwAWGqk5LSw5xDBwwIMDaF7VzgIFghoUkrBLs-A3G0XseuQUKPaxD8fYuyzMAaApca4eIdGJ-KtUGOhggcY9dmYAsmU3ZKlnWp1zCkUGEgMf-VPrzJ0z-8pyl2T-oueMUZBfISZUOLu23Pz8sowwCBOqEGTzMfqYNQWrq1RoqV8doqn6Bk2bKwboodomGHJ06g-CyYqIl4kV_Vs3bemUWrnhfFqkkD88917V7O1lt6i4E9tFvtU6vJDYvN7rSTqt83MJltusBev-ksJttoc9lLwbDNcVRYNmgM3SZHnqhmM-9r-yv3Hw-q9FJ5vruFn5M3Z1LqCK_jx6-jH5z5XLP_AQAA&sa=X&ved=2ahUKEwjpsbC2yZaGAxUyTGwGHU45BTsQ7fAIegUIABCQAw,Microsoft . This is a suite of enterprise resource planning (ERP) and customer relationship management (CRM) applications that help businesses ...,Microsoft Corporation
Microsoft Project,https://www.google.com/search?sca_esv=4490efdd07ced03b&cs=1&q=microsoft+project&stick=H4sIAAAAAAAAAGVRvU4CQRgUswgs_sAmYuwuvgB3h4CUGilMQDEQURvC7e2dCwcLe79aa6VPYWVp5QtY-Agm9jZrZeisPMCAxm6_mZ35vsnEla1I6TzjsIHUo5gzmxmONOBMd7Fjf0UyjZCo_icW463yYeOgcdZ6BBEBYihaDjCxBIAoftQn-5x6RIBlCLO9rLx9WbR4IEAGxsdjt-hZCNaYT3iN0b4jQALFmrSvM98ONQj-vCVFEWAJgVONheI0TIzFWlDkPgJ7tG8KsAZXsmZWUbA8bOmyrwqQnP7a3rko8V-8ranmUB7MeNW68pT5VPCN0C01PS-vXnoINBnXwzRTKBf48tytc6UaebubCxG0cmQYFBOpxzRqhYmTKDEJJmkSneXP4YJZsibR6scVqU64R35d1x0WTdzBHQE20Hrd5UY7NKy0B-NO6o6rUzbZdEJtt23NkBRanfdS1k1yH03_abBDsPO2tLlw-36Xk59rTzfX8GP0ao2qvczL_cPn7jc8rCBs-gEAAA&sa=X&ved=2ahUKEwjpsbC2yZaGAxUyTGwGHU45BTsQ7fAIegQIABAE,.  is for  management. It is a  software product that is designed for  managers. It helps manage ...,Microsoft Corporation
Microsoft Teams,https://www.google.com/search?sca_esv=4490efdd07ced03b&cs=1&q=microsoft+teams&stick=H4sIAAAAAAAAAGVRuU7DQBQEtBBnORJWIojO4gfiA2JSgkiBxBGUiKuJfKzNJnbWWZ-hhgq-goqSih-g4BOQ6GmWCtFR4SQoQaLbN7Mz741GkNdnZOmiFFJf9IjJaEDtUPQZtSIzDL6nS82MOPhPzAit2mFzr3neegTTHOTQbC01scsBRMJRF-8yEmMOFiAse2Vpo6-5LOWgBIXB2NFiF8E6TTCrU9INOcij3CnpWjQJMg2Cv29RljmYQ-DMoJl4GeYHYiPVWILADuk6HBTgYtkpy7Ip9VqWlCgczI9-bWxdVtkfPjAUpyf5Y15xr2J5MlUSO3Mrjs7bVPoxAqeUWVmaEaSmiTRxa18p9mbQUTMELR7ZNjGx6FGDuFnieZQfBhMNkYzzq2bFqbrDaI3jfbGBWYz_XNfpaY7ZNtscrKKVRsRsPTPc1_1BJ40wsggdbjohQaS7Y6SIlia91CwH388WJg2GWPeCt7m1qdv3O1V6rj_dXMOPr1f368Arvdw_fG7_AOfTLI_5AQAA&sa=X&ved=2ahUKEwjpsbC2yZaGAxUyTGwGHU45BTsQ7fAIegQIABAZ,". With the rise of remote work,  has become an essential tool for communication and collaboration. It allows  to chat ...",Microsoft Corporation
Microsoft Visio,https://www.google.com/search?sca_esv=4490efdd07ced03b&cs=1&q=microsoft+visio&stick=H4sIAAAAAAAAAGVRu04CQRQVMrwGEZzENXYbf4Dd5SWlRgoTEAxE1IawTwcWBmaX3YVaK_0KKksrf8DCTzCxtxkrQ2flAgZI7OaeM-fce3Ki4mFQFG84mwz4HlYosYhu8wNK1JFiWz8BruETlf9EMNoqnTfOGtetZxBgIIJCJU_RTAYgilb72inFjsbANoTpXlrIjgsm9RjgYHQ-dguOiWCNuBqtEdy3GYihSBP3VeJavgbBvzcvigyEEbiSiS_ehbG5WPYK1EXgBPcNBpIwkTbSoqgIw5YquBID8eWv7NFtkW7wliwZQ2Gw4iVz4ojrKe_qvltqeV5OGjsINAlV_TRLKOO5wtqtM5H0nNXN-AhKVHUdKxrfIzI2_cRxFFsE42Uer_JnlLxRNBfR6hdlvq5RR9u4rjssGEpH6TCwj_bqI6q3fcNyezDvpG6PVEwWmy6xNWqbKySFdta9lFRDm4aS6wYdbGHyET7Yevh8zAivtZf7O_g1ezdnlR73Nn36Pv4Fp8Rk6PkBAAA&sa=X&ved=2ahUKEwjpsbC2yZaGAxUyTGwGHU45BTsQ7fAIegQIABAu,.  is a  product tool to create diagrams. Are you designing a simple or complex map?  is one of ...,Microsoft Corporation
Skype,https://www.google.com/search?sca_esv=4490efdd07ced03b&cs=1&q=skype&stick=H4sIAAAAAAAAAGVRPU_CUBQV8_h6iOJLxLg1_gHa8iWjRgYTEAxE1IXQ9rU-KLzyWlpg1kl_BZOjk3_AwZ9g4u7ynAybkwUMkLjde849596TG5EONyX5JulQS-gSlVGb6o5gMaoNVMf-CSTrPlH-T2xGmsXz-ln9uvkMAhyEUbA4VLHJAUSRSg-fMuJiDrYgTHVTYmaUN9mQgySMzNpO3jURrFIPsyolPYeDKAo3SE-jnu1rEPyrBUniIITAlUJ98S6MzsTKMM88BE5Iz-BgB8ZTRkqSVLHf1ERP5iC2mMoc3RbYGm8rstEXrSUvm2NXWnU5T_fdEovzsvLIRaBBmeanWUDpoSeu3NpjWc_anbSPoHhF14mKhS5ViOknjqHoPJigCGSZP63mjII5j1a7KAk1zFy8dl2nnzfUttrmYB_t1QZMb_mGpZY1-0nNGWiEzjddEnvQMpdIAm2v_lLUDDwJBu3OyMIfoYONh8_HtPhafbm_g1_Td3Na7ibfJk_fx7-hvJM57wEAAA&sa=X&ved=2ahUKEwjpsbC2yZaGAxUyTGwGHU45BTsQ7fAIegQIABBD,.  is a cross-platform video calling app that allows you to make video calls. It is an instant messaging app that also supports voice calls and ...,Microsoft Corporation
Word,https://www.google.com/search?sca_esv=4490efdd07ced03b&cs=1&q=microsoft+word&stick=H4sIAAAAAAAAAGVRuU5CQRQVMrIMLjiJGLsXf4C3AE9KjRQmLhiIqA3hrQ48GJi3Yq2VfoWVpZU_YOEnmNjbjJWhs3IAAyR2c--Zc-45OSlpJy4pVzmP9IUu1ilxieUJfUoMX_fcn1iuzoHj_0A81ayc1A_rl81nEGMgiZYrkW46DECUOu2ZBxQHJgMrEOa7ebEwVB0aMZCDqfHYUQMHwSoJTVoluOcxkEbJBu4ZJHQ5B8G_tyBJDCQQuNAIJ2_A9JisRSoNEdjHPZuBdbiat_OSpIuDpiGGMgOZ6a_C7nWZLuCuJtsDsT_DZecmkOZTKbS4WnZqrygPAwQahBo8zXSlRKE4V2vfyFbR7Sh8g1ZPLQvrptAlGnZ44gxKT4IJmoBn-RW9ZJedSbTa2ZFQM2lgLrjrDFRbb-ttBrbQZs2nVosLHrX6405qnm9gMrl0jl2_5cw2WbQ276Vi2Obj8tq8wZDb_0hsL91_Pijia_Xl7hZ-jd6d0XE39_b49L33C4ttGlH4AQAA&sa=X&ved=2ahUKEwjpsbC2yZaGAxUyTGwGHU45BTsQ7fAIegQIABBV,"Microsoft . Microsoft  is one of the common productivity tools connected to the Microsoft Office Suite. With Microsoft , you can create your ...",Microsoft Corporation
Internet Explorer,https://www.google.com/search?sca_esv=4490efdd07ced03b&cs=1&q=internet+explorer&stick=H4sIAAAAAAAAAGVRu04CQRQVMyoMPicRY7fxB9hdEKTUSGEiioH4agi7O7sODDvL7LK7WGulX0FlaeUPWPgJJvY2Y2XsrBzAgIndvefcc-aeuUlta1bLX2YC5ikdYnLmMztQPM6snhn434lMXRKV_8RsslE-qh_ULxqPICHAAporxyamAkCUPHbxPichFmARwmwnq-b7RcpjATIwOWzbxZAiWGUR5lVG3ECAFFo4I67FIl9qEPytFU0TYB6Bc4NJ8RpMDcVGXOQRAnvEdQRYgUtZJ6tpptptWGqkC5AeT-V3rkr8D-8butNVvQmv0-tQm3aFyJZuq-P1tvV-iMAZ45ZMM4ZycaRO3VrXur3tt3MSQUvHtk1MrHSYQahMnEapUTDFUMgkf84sOCU6ilY7OVRqmIf4z3btbtExW2ZLgA20XutxuykND5ve8Ca1oGcRNnrplPi9Jp0gq2h5epey5eDB3Jr8TMxdHCg49ijjmL_Nb87cvd_n1Ofq0-0N_Ph6pV-VTuZl8PC5-wMGLEOJ-wEAAA&sa=X&ved=2ahUKEwjpsbC2yZaGAxUyTGwGHU45BTsQ7fAIegQIABBq,"was a popular browser once upon a time. Initially rolled out in 1995, it provided a pathway for many other browsers. It enjoyed its ...",Microsoft Corporation
Microsoft 365 Business Basic,https://www.google.com/search?sca_esv=4490efdd07ced03b&cs=1&q=microsoft+365+business+basic&stick=H4sIAAAAAAAAAGVRu04CQRRVMyqML5xEjInFxB9gHwJaaqQw8YGB-GoIOzu7Diw7MLMPtNZKv8LK0sofsPATTOxtxsrYWbmAARO7uefMOfeenJS-NqHnz7MBb-MWI4JL7gS4LbgdkkB-j2erCbH_n5hI1UoH1d3qWe0RjCswjSZLXUI9BSBKHfp0R7CIKjALYa6V09Yvi57oKpCFqd7YLEYegmUeU1HmzA8USKPpE-bbPJaJBsHfN9Z1BaYQOLV4Il6E6Z7Y6hZFjMA2810FFuBczs3pOtE6NVuLDQVmBr_WNy42xR9eWobb0dpD3vCuIn00FWInccsMzssblxECJ1zYSZoBZHZjbeTWuDKcvGyaCYLmDh2HEYpb3GJekngGpfvBsIXZML9JCu6m149WOdrDFSoi-ue6ZqfokgZpKLCMliqhcOqJ4V693eukEoQ24_1Nx0yGdW-IZND8qJeS7dL7ydVRg2Yhj61QMp9Kia26ZORtamXs9v3O1J7LTzfX8OPr1fvab2Vf7h8-t34Axf4BJwYCAAA&sa=X&ved=2ahUKEwjpsbC2yZaGAxUyTGwGHU45BTsQ7fAIegQIABB8,365 . A subscription for one person that includes 100 GB of cloud storage with ransomware... Select  365  for more information.,Microsoft Corporation
Office mobile,https://www.google.com/search?sca_esv=4490efdd07ced03b&cs=1&q=office+mobile&stick=H4sIAAAAAAAAAGVRu04CQRQVM7wGUZxEjN3GH2B3eayUGilMQDAQURvCPh1YGJh9Qq2VfgWVpZU_YOEnmNjbjJWhs3IBAyR2c8-Zc-45uTHhcFMo3KRtMuB6WKHEIrrNDShRHcW2fkLpRkBU_hObsVbpvHHWuG49gxADURQu-YpmMgBRrNrXTil2NQa2IMz0MnxuJJnUZyANY7OxK7kmgjXiabRGcN9mII6iTdxXiWcFGgT_3pwgMBBB4EomgXgXxmdi2Zeoh8AJ7hsM7MBkxsgIgsIPWyrviQwkFr9yR7dFusZbsmgM-cGSF82xK6ymgqcHbqlFvLw4chFoEqoGbRZQ1vf4lVtnLOp5q5sNEJSs6jpWNK5HZGwGjRMoPi_GyRxe9s8qBaNozqvVL8pcXaOutpauO5QMpaN0GNhHe3WH6u3AsNwezG5Stx0Vk_mmS2w5bXOJpND26i4l1dAm4SRZD_MROdh4-HzM8q-1l_s7-DV9N6eVXvpt8vR9_AuK7Ht49wEAAA&sa=X&ved=2ahUKEwjpsbC2yZaGAxUyTGwGHU45BTsQ7fAIegUIABCMAQ,Over twice the computing power makes this device the most powerful Surface yet...Select Surface Laptop Studio 2 for more information.  ...,Microsoft Corporation
Power b i,https://www.google.com/search?sca_esv=4490efdd07ced03b&cs=1&q=power+bi&stick=H4sIAAAAAAAAAGVRPU_CUBQV84DyEMWXiHFr_AO05aMyamQwAcFARF0I_fRB4ZXX0gKzTvormByd_AMO_gQTd5fnZNicLGCAxO3ec-45955cTjzcFOWblEtsvotVShxiuLxNiTZQXecnlKoHRPk_sck1i-f1s_p18xmEGIiicHGo6hYDEHGVnn5KsaczsAVhupsWsiPZokMGUpCbtR3ZsxCsEl-nVYJ7LgMxFG3gnkZ8J9Ag-FfzoshABIErhQTiXRibiZWhTH0ETnDPZGAHJtJmWhRVod_UBF9iIL6Yyh7dFuga7yiS2RfsJS9ZY09cdXnfCNySi_Ny0shDoEGoFqRZQJmhL6zc2mPJyDmdTICgRMUwsKrzXaJgK0gcR7F5MF7h8TJ_Rs2bBWserXZR4ms69fS16zp92VTbapuBfbRXG1CjFRiWWvbsJzV3oGEy33SJnUHLWiJJtL36S1Ez9UmYsxer8UfkYOPh8zEjvFZf7u_g1_Tdmpa7qbfJ0_fxL8iz0uvyAQAA&sa=X&ved=2ahUKEwjpsbC2yZaGAxUyTGwGHU45BTsQ7fAIegUIABCZAQ,Microsoft . This is a business analytics service that provides interactive visualizations and business intelligence capabilities with an interface ...,Microsoft Corporation
SharePoint,https://www.google.com/search?sca_esv=4490efdd07ced03b&cs=1&q=sharepoint&stick=H4sIAAAAAAAAAGVRu04CQRRVMyAM4mMSMXYbf4DdRVwoNVKYgGIgojaE3Z1dBnaZZfYF1FrpV1hZWvkDFn6Cib3NWBk7KxcwQGJ37zn3nLlnbkLaW5EK1xmPOoJNNEZdaniCw6jua577s5ypR0TlP7GSaJZO6yf1q-YTWOZgFcVKAw1bHECUOOvhY0YCzMEahFk7K-4PFYsNOMjAxLjtKoGFYJWGmFUp6XkcJNFqg_R0GrqRBsG_WpAkDuIIXKo0Em_B5FisDhQWInBEeiYHGzCdNbOSpIn9pi6GMgep6dR-oV1kC7yrymZfdGa8bI0Cad4dhEbktjldLy8PAwQalOlRmimUG4Ti3K0zko28281FCEqfGQbRsGBTlVhR4hRKToIJqkBm-XPagVm0JtFq52WhhlmAF7br9hVT62gdDnbQds1nRisyLLec8U1qnq8TOnnpgrh-y5ohm2h9fpeSbuKHGHTbLYad8Z--x3eX7j7uc-JL9fn2Bn5-v1nfFTvz-vD4dfgLs_zmI_QBAAA&sa=X&ved=2ahUKEwjpsbC2yZaGAxUyTGwGHU45BTsQ7fAIegUIABCpAQ,Microsoft . It is a web-based collaboration and document management platform that is widely used in businesses.,Microsoft Corporation
SQL Server,https://www.google.com/search?sca_esv=4490efdd07ced03b&cs=1&q=sql+server&stick=H4sIAAAAAAAAAGVRu04CQRQVM7wGUZxEjN3GH2B3eayUGilMQDAQURvCPh0YGJhddoFaK_0KKksrf8DCTzCxtxkrQ2flAgZI7O49555z78mNSIebUv4m6dCe0MEaozY1HaHHqD7QHPsnkKz5ROk_sRlpFM5rZ7XrxjMIcBBGwcJQMwgHEEXKXeOUYdfgYAvCVCclZkYKYUMOkjAya9uKSxCsUM9gFYq7DgdRFK7jrk4929cg-FcLksRBCIErlfriXRididWhwjwETnDX4mAHxlNWSpI0sd_QRU_mILaYyhzd5tkab6uy1Rd7S14mY1dadTnP9N0Si_Oy8shFoE6Z7qdZQOmhJ67cWmPZzNrttI-geNk0sWYIHapi4ieOoeg8mKAKeJk_reWsPJlHq14UharBXGPtunZfsbSW1uJgH-1VB8xs-obFZm_2k6oz0DGdb7rE9qBJlkgCba_-UtAtYxKEdp8I9tz9I3Sw8fD5mBZfKy_3d_Br-k6mpU7ybfL0ffwL372qSvQBAAA&sa=X&ved=2ahUKEwjpsbC2yZaGAxUyTGwGHU45BTsQ7fAIegUIABC4AQ,"Windows .  provides industry leading security, performance, an intelligence over all your data, structured and unstructured. Windows 11 Pro.",Microsoft Corporation
Surface Laptop 5,https://www.google.com/search?sca_esv=4490efdd07ced03b&cs=1&q=surface+laptop+5&stick=H4sIAAAAAAAAAGVRu04CQRQVMrwGUZxEjN3GH2B3eUmpkcIEBAMRtSHs04GBgdllF6i10q-gsrTyByz8BBN7m7EydFYujwCJ3b3n3HPuPblh6cgvi7cJm_aEDlYZtahhCz1GtYFqW7--RM0jSv8Jf7hRuKid124aL8DHQQgFCkNVJxxAFC539TOGHZ2DbQiTnaSYHuUIG3KQgOFZ2845BMEKdXVWobhrcxBBoTruatS1PA2Cy1qQJA6CCFwr1BPvwchMrAxzzEXgFHdNDnZhLGkmJUkV-w1NdGUOooup9PFdnm3wliKbfbG34mUydqR1l3UNzy2-OC8jjxwE6pRpXpoFlBq64tqtNZaNjNVOeQiKlQ0Dq7rQoQomXuIoisyDCYqAV_lTatbMk3m06mVRqOrM0Teua_dzptpSWxwcoP3qgBlNz7DY7M1-UrUHGqbzTVfYGjTJComjnfVfCpqpTwJxaykmC3HmM3i49fj1lBLfKq8P9_B7-kGmpU7iffL8c_IHxqs5KvoBAAA&sa=X&ved=2ahUKEwjpsbC2yZaGAxUyTGwGHU45BTsQ7fAIegUIABDLAQ,(Certified Refurbished) Multitasking speed powered by 12th Gen Intel® Core™ i5/i7 processors built on the... Select  ...,Microsoft Corporation
Surface Laptop Studio,https://www.google.com/search?sca_esv=4490efdd07ced03b&cs=1&q=surface+laptop+studio&stick=H4sIAAAAAAAAAGVRu04CQRQVM7wGUZwEjN3GH2B3eUmpkcIEBAMRtSHs04GBgdllF6i10q-gsrTyByz8BBN7m7EydFYujwCJ3b3n3HPuPbkh6Whblm4TNu0JHawyalHDFnqMagPVtn59iZpHlP4T26FG4aJ2XrtpvAAfB0HkLwxVnXAAUajc1c8YdnQOdiBMdpJiepQjbMhBAoZmbTvnEAQr1NVZheKuzUEYBeu4q1HX8jQILmtBkjgIIHCtUE-8D8MzsTLMMReBU9w1OdiD0aSZlCRV7Dc00ZU5iCym0sd3ebbBW4ps9sXeipfJ2JHWXdY1PLfY4ryMPHIQqFOmeWkWUGroimu31lg2MlY75SEoWjYMrOpChyqYeIkjKDwPJigCXuVPqVkzT-bRqpdFoaozR9-4rt3PmWpLbXFwgOLVATOanmGx2Zv9pGoPNEznm66wNWiSFRJDu-u_FDRTn_jj1lJMFmJrPvoZONx6_HpKiW-V14d7-D39INNSJ_E-ef45-QNY819C_wEAAA&sa=X&ved=2ahUKEwjpsbC2yZaGAxUyTGwGHU45BTsQ7fAIegUIABDdAQ,2 for Business. Over twice the computing power makes this device the most powerful  for... Select  2 for ...,Microsoft Corporation
Visual Studio,https://www.google.com/search?sca_esv=4490efdd07ced03b&cs=1&q=visual+studio&stick=H4sIAAAAAAAAAGVRu04CQRQVM7wGUZxEjN3GH2B3eayUGilMQDAQURvCPh1YGJh9Qq2VfgWVpZU_YOEnmNjbjJWhs3IBAyR2c89r7smNCYeboniTtsmA62GFEovoNjegRHUU2_oJpRsBUflPbMZapfPGWeO69QxCDERRuOQrmskARLFqXzul2NUY2IIw08vwuZFkUp-BNIzNxq7kmgjWiKfRGsF9m4E4ijZxXyWeFXgQ_HtzgsBABIErmQTmXRifmWVfoh4CJ7hvMLADkxkjIwgKP2ypvCcykFiocke3RbrGW7JoDPnBkhfNsSuspoKnB2mpxXp5ceQi0CRUDdosoKzv8au0zljU81Y3GyAoWdV1rGhcj8jYDBonUHxejJM5vOyfVQpG0ZxXq1-UubpGXW1tu-5QMpSO0mFgH-3VHaq3g8ByezC7Sd12VEzmP11iy2mbSySFtld3KamGNgkn3YXEmks-IgcbD5-PWf619nJ_B7-m7-a00ku_TZ6-j38B9_TRQfcBAAA&sa=X&ved=2ahUKEwjpsbC2yZaGAxUyTGwGHU45BTsQ7fAIegUIABDtAQ,".  by Microsoft is a software that allows users to develop mobile applications, computer programs and mobile applications ...",Microsoft Corporation
Microsoft Edge,https://www.google.com/search?sca_esv=4490efdd07ced03b&cs=1&q=microsoft+edge&stick=H4sIAAAAAAAAAGVRvU4CQRgUsggsgrqJGLuLL8D9qEipkcIEBAMRtSHc3d65cLCwd9wBtVb6FFSWVr6AhY9gYm-zVobOygUMmNjtN7Mz3zeZmLIbVrXrtEe7UpsYjLrU8qQuo2bf8NzvULoqiOJ_Ihyr58-qp9Wr-hMIcRBFkfzAwA4HEMVKHXzCiI85WIMw087Ie8OswwYcpGFsOrayvoNgmQaYlSnpeBzEUbRGOiYNXKFB8PctKQoHqwhc6lSIN2F8KtYHWRYgcEw6NgfrMJmxM4piyL26KQcqB4n5r73Dmxz7w7u6avfk7oJXnZGvLKeDwBJuG_Pz9tWhj0CNMlOkmUPaIJCXbs2Rau27LU0gKFmyLGJgqU114ojECRSfBZN0iSzya8aBnXNm0SrnBamCmY__XNfqZW2jaTQ52EZblT6zGsKw0OhOO6l4fZPQ2aYL4vYbzgLZQKllL3nTxuNIatkgFsD76s7K_ceDJr-Un-9u4efkzZkU2-nX8ePX0Q-H22Q6-AEAAA&sa=X&ved=2ahUKEwjpsbC2yZaGAxUyTGwGHU45BTsQ7fAIegUIABD9AQ,. It is the default web browser for Windows 10 and has gained popularity due to its speed and features.,Microsoft Corporation
Email security,https://www.google.com/search?sca_esv=4490efdd07ced03b&cs=1&q=email+security&stick=H4sIAAAAAAAAAFWPvUoDQRSFjYwSV41hQDAEYRBLIb8YWwkr_oAIm0abMLtMdq9mZpaZ2Q3xFbRJZWfhE-QtfAd7mymsrFK57qpgeS7nnPudcmuv1LzZ5sBZQLUhRsZEM5VCwPSiVD9RkhMtE5VJQgMltSYmYmTC_MVyeeheDs4G18M5KllUxRWXUxhn8SBRYKYWbeHN4kRVEEHKLGrjpgc8HsNoSvxEg2BZIcs9nAoaMs6EIRMwEflFsmjdWWvwRvMojFo9izCuFqV9KQyIJP_kOOVvix-24z_R1WnXoh3HyUXPvxUGO1dKylEsQWS9u7ju_bASOqGK5TRGURAgQos2imj7btrpHuYDvZhyMoKxYSpzvKxU2L_Fb6u1pYf3x87pK_L6FwfP88_Zk_txXzs-n-1_AfjZph5pAQAA&sa=X&ved=2ahUKEwju87Pqz5aGAxXSZmwGHT4BBXAQ7fAIegQIABAc,"Advanced . As the top attack vector,  demands the strongest possible protection. Defend against the most sophisticated  attacks and ...",Mimecast Limited
Email archive,https://www.google.com/search?sca_esv=4490efdd07ced03b&cs=1&q=email+archive&stick=H4sIAAAAAAAAAE2PvUoDQRSFjYwSV6NhQDAEYRBLIb8YWwkr_oAIm0abMLtMdq9mZpaZ2Q3xFbRJZWfhE-QtfAd7mymsrFK57qpYnss5536n3NortW62OXAWUG2IkTHRTKUQML0o1U-U5ETLRGWS0EBJrYmJGJkwf7FcHrqXg7PB9XCOShZV8abLKYyzeJAoMFOLtnClOFEVRJAyi9q46QGPxzCaEj_RIFhWyHIPp4KGjDNhyARMRH6RLFp31hq80TwKo1bPIoyrRWlfCgMiyT85Tvnb4oft-E90ddq1aMdxctHzb4XBzpWSchRLEFnvLq57P6yETqhiOY1RFASI0KKNItq-m3a6h_lAL6acjGBsmMocLysV9n_e22pt6eH9sXP6irz-xcHz_HP25H7c147PZ_tfgq6xiGgBAAA&sa=X&ved=2ahUKEwju87Pqz5aGAxXSZmwGHT4BBXAQ7fAIegQIABAt,"Mimecast business  solutions include Mimecast Cloud , offering secure and perpetual storage and policy management with predictable costs and ...",Mimecast Limited
Simplify business email management with mimecast,https://www.google.com/search?sca_esv=4490efdd07ced03b&cs=1&q=simplify+business+email+management+with+mimecast&stick=H4sIAAAAAAAAAJWPvUoDQRSFjYwS178wIBiCMIilkGQTElsJEX9AhE2jTZhdJrtXMzPLzGyW-ArapLKz8AnyFr6Dvc0UVlapXHfV3vJczjn3O-Xmfsm92eHAWUC1IUbGRDM1gYDpRal2oiQnWiYqk4QGSmpNTMRIyvzFcnnYvxycDa6Hc1SyqIK3-pzCOIsHiQIztWgbbxYnqoIIJswiFzc84PEYRlPiJxoEywpZ7uFU0JBxJgxJwUTkF8midWetzuuNozBqdi3CuFKU9qQwIJL8k-OUvy1-6MZ_oq0nbYt2HScXXf9WGOxcKSlHsQSR9e7hmvfDSmhKFctpjKIgQIQWbRRR927aanfygV5MORnB2DCVOV5WGvqfY95Wq0sP74-t01fk9S4On-efs6f-x331-Hx28AUD6Z4HiwEAAA&sa=X&ved=2ahUKEwju87Pqz5aGAxXSZmwGHT4BBXAQ7fAIegQIABA7,. The challenge of  has never been more difficult. Your  infrastructure must ...,Mimecast Limited
Barracuda Networks,https://www.google.com/search?sca_esv=4490efdd07ced03b&cs=1&q=barracuda+networks&stick=H4sIAAAAAAAAAD2PvUoDQRSFXRklrn9hQDAEYRBLIckmGFsJEX9AhE2jTZhdJ7vXZGaWmdks8RW0SWVn4RPkLXwHe5sprKxSuW7U8lzOOfc7pca-07zd4cBZSLUhRiZEMzWGkOm5Uz1VkhMtU5VLQkMltSYmZiRjwXy51O9e9c57N_0Zciwq460upzDK42GqwEws2sabixNVYQxjZpGH6z7wZASDCQlSDYLlhazwcCpoxDgThmRgYvKHZNG6u1bjtfpxFDfaFmFcXpR2pDAg0uKT65Z-LEHkJf-ipccti3ZdtxDt4F4Y7F4rKQeJBJH37uGq_8tKaEYVK2iMoiBARBZtLKLecNJsHRUD_YRyMoCRYSp3vK7ggCpFw_SOEsFMJtVQv69Wlh4_nppnb8jvXB6-zL6mz93Ph8rJxfTgGwY0JJdtAQAA&sa=X&ved=2ahUKEwju87Pqz5aGAxXSZmwGHT4BBXAQ7fAIegQIABBJ,The  is an  that manages and filters all inbound and outbound  traffic to protect organizations ...,Mimecast Limited
Email Continuity,https://www.google.com/search?sca_esv=4490efdd07ced03b&cs=1&q=email+continuity&stick=H4sIAAAAAAAAAD2Pu0oDQRiFjYwS11sYEAxBGMRSyG1JbCWseAERNo02YXaZ7P6amVlmZhPiK2iTys7CJ8hb-A72NlNYWaVy3dWU5-ec83-n3DwsuXd7HDgLqTbEyIRopsYQMr0o1c6U5ETLVGWS0FBJrYmJGZmwYLFaHnjX_Yv-7WCOShZV8I7HKYyyeJgqMFOLdvF2caIqjGHMLGrhhg88GcFwSoJUg2BZIcs9nAoaMc6EIRMwMflHsmjT2ajzeuMkiptdizCuFKU9KQyINP_kOOVfSxC1kqVw9di1aN9xctEN7oXBzo2ScphIEFnvAa75f6yETqhiOY1RFASIyKKtItp6mLbdTj7QTygnQxgZpjLH21qlQA-XJB_r1ZWnz-f2-Tvye1fHr_Pv2Yv39Vg9vZwd_QCXuVHxawEAAA&sa=X&ved=2ahUKEwju87Pqz5aGAxXSZmwGHT4BBXAQ7fAIegQIABBZ,"Their  Security product is aimed at enterprise level customers. It utilizes multiple detection engines to provide protection from phishing, malware, spam ...",Mimecast Limited
Security,https://www.google.com/search?sca_esv=4490efdd07ced03b&cs=1&q=security&stick=H4sIAAAAAAAAAD2Pu0oDQRiFjYyyrrcwIBiCMIilkKvGVkLEC4iwabQJs8tk99fMzDIzuyG-gjap7Cx8gryF72BvM4WVVSrXXWN5fs45_3ecxn7p6G6HA2cB1YYYGRPNVAoB0_NS9UxJTrRMVCYJDZTUmpiIkTHz58vOoHfdv-jfDmaoZFEZb_U4hVEWDxIFZmLRNt4sTlQFEaTMoiaue8DjEQwnxE80CJYVstzDqaAh40wYMgYTkQWSRevuWo3X6idh1OhYhHG5KO1KYUAk-SfXdX4tftiM_0Vbp22Ldl03Fx3_Xhjs3igph7EEkfXu4ar3x0romCqW0xhFQYAILdooos2HSat9nA_0YsrJEEaGqczxtuIstn6sVpaePp9b5-_I614dvs6-py-9r8fK6eX04AcXtJxwYwEAAA&sa=X&ved=2ahUKEwju87Pqz5aGAxXSZmwGHT4BBXAQ7fAIegQIABBk,"Comprehensive phishing . Improve  with real-time threat analysis, using AI to remove threats before emails are opened.",Mimecast Limited
Microsoft Corporation,https://www.google.com/search?sca_esv=4490efdd07ced03b&cs=1&q=microsoft&stick=H4sIAAAAAAAAAD2QvUoDQRSFjYySrH9hQDAEYRBLIb8kaSWs-AMibBptwuwyu3s1M7PMzCbEV9AmlZ2FT5C38B3sbaawskrlZqOW53LOud-9xcZRoXO3z4GzgGpDjEyIZmoMAdOLQvVMSU60TFUmCQ2U1JqYmJEJ8xfrxaF7PbgY3A7nqGBRGe-6nMIoiwepAjO1aA_vrEZUBTGMmUVNXPeAJyMIp8RPNQiWFbLcw6mgEeNMGDIBE5M_JIu2nFKN1-q9KG50LcK4vCrtS2FApPkmxykuLX7UTP5FW4_bFh04Ti66_r0w2LlRUoaJBJH1HuKq98tK6IQqltMYRUGAiCzaXkWbD9NWu5Mf6CWUkxBGhqnM8bZR4rD8iQzNx2Zl7enzuXX-jrz-1cnr_Hv24n49Vk4vZ8c_CuIkKGQBAAA&sa=X&ved=2ahUKEwju87Pqz5aGAxXSZmwGHT4BBXAQ7fAIegQIABBx,Defender allows us to scale and monitor our  environment with ease. Being able to see your entire organization and your environment form one ...,Mimecast Limited
Proofpoint,https://www.google.com/search?sca_esv=4490efdd07ced03b&cs=1&q=proofpoint&stick=H4sIAAAAAAAAAD2Pu0oDQRiFjYwSx1sYEAxBGMRSyJWsrYSIFxBh02gTZpfJ7q-ZmWVmNiG-gjap7Cx8gryF72BvM4WVVSrXjaY8P-d8_znF-mHBu9sTIHjIjKVWJdRwPYKQm3mhcqaVoEalOpOUhVoZQ23M6ZgH89Viv3vdu-jd9meo4FCJ7HQFg2EWD1MNduLQLtlenJgOYxhxhxqk5oNIhjCY0CA1IHkG5LlHMMkiLri0dAw2pv-VHNrEG1VRrZ1Ecd1ziJDSAtpR0oJM808YF38tQdRIlqJlRi2H9jHOhRfcS0vwjVZqkCiQGfeAVPy_rpSNmeZ5G6sZSJCRQ1uLaONh0my184F-wgQdwNBynTne1nCyxH2sl1eePp-b5-_I71wdv86-py_dr8fy6eX06Aevu-S5ZQEAAA&sa=X&ved=2ahUKEwju87Pqz5aGAxXSZmwGHT4BBXAQ7fAIegQIABB-,"is a leading email security provider that offers a range of solutions, including advanced threat protection, data loss prevention, and email ...",Mimecast Limited
Security awareness training,https://www.google.com/search?sca_esv=4490efdd07ced03b&cs=1&q=security+awareness+training&stick=H4sIAAAAAAAAAHWPu0oDQRiFjYyyrrcwIBiCMIilkCsmrYQVLyDCptEmzC6T3V8zM8vMbEJ8BW1S2Vn4BHkL38HeZgorq1Suu2pneX7Od_5znMZ-qXuzw4GzkGpDjEyIZmoMIdOLUvVESU60TFUmCQ2V1JqYmJEJCxbLzsC77J_1rwdzVLKojLc8TmGU4WGqwEwt2sabxYmqMIYxs6iJ6z7wZATDKQlSDYJlgSz3cCpoxDgThkzAxOS3kkXr7lqN1-rdKG50LMK4XIT2pDAg0vyT6zrfliBqJn-ircdti3ZdNxed4FYY7F4pKYeJBJHl7uGq_9OV0AlVLG9jFAUBIrJoo0Cbd9NW-ygf6CeUkyGMDFOZ42Wlqv_n31YrSw_vj63TV-T3Lg6f55-zJ-_jvnJ8Pjv4Av_Vl252AQAA&sa=X&ved=2ahUKEwju87Pqz5aGAxXSZmwGHT4BBXAQ7fAIegUIABCLAQ,The Global learning program for  provided all the essential knowledge about securing the hardware and software both on-prem and cloud ...,Mimecast Limited
Engineering,https://www.google.com/search?sca_esv=4490efdd07ced03b&cs=1&q=engineering&stick=H4sIAAAAAAAAAD2Pu0oDQRiFjYwSN17CgGAIwiCWQq4YLSWseAERNo02YXaZ7P6amVlmZjfEV9AmlZ2FT5C38B3sbaawskrluquW38855z-n3NorHd9uc-AsoNoQI2OimUohYHpRqp8qyYmWicqQ0EBJrYmJGJkwf7FcHrpXg_PBzXCOShZV8abLKYwze5AoMFOLtvBGcaIqiCBlFrVx0wMej2E0JX6iQbAskOUaTgUNGWfCkAmYiPxVsqjirDV4o3kURq2eRRhXi9C-FAZEkn9ynPKPxA_b8T90ddq1aMdxcuj5d8Jg51pJOYoliCx3F9e9366ETqhieRujKAgQoUXrhbV9P-10D_OBXkw5GcHYMJUpXlcqTITZhpzeV2tLjx9PnbM35PUvD17mX7Nn9_OhdnIx2_8G0tmXIGYBAAA&sa=X&ved=2ahUKEwju87Pqz5aGAxXSZmwGHT4BBXAQ7fAIegQIABAD,. Leverage industry-leading AI to defend employees from sophisticated  and business email compromise attacks.,Mimecast Limited
Spam filtering,https://www.google.com/search?sca_esv=4490efdd07ced03b&cs=1&q=spam+filtering&stick=H4sIAAAAAAAAAFWPvUoDQRSFTRglrhrDgGAIwiCWQn5JbCWs-AMibBptwuwy2b2amVlmZjfEV9AmlZ2FT5C38B3sbaawskrlulHB8hzOOfe7peZ-sdm42eHAWUC1IUbGRDOVQsD0olA7UZITLROVSUIDJbUmJmJkwvxFsTR0Lwdng-vhHBUsquCyyymMs3qQKDBTi7bx1tKiKoggZRa1cMMDHo9hNCV-okGwbJDlGU4FDRlnwpAJmIj8Ilm04azXeb1xFEbNnkUYV5ajfSkMiCS_5Dil74gftuI_0dFpx6Jdx8lFz78VBjtXSspRLEFku3u45v2wEjqhiuU0RlEQIEKLNpfV1t203enmD3ox5WQEY8NUlnhZLet_xttadeXh_bF9-oq8_sXh8_xz9uR-3FePz2cHX0_OaKdqAQAA&sa=X&ved=2ahUKEwju87Pqz5aGAxXSZmwGHT4BBXAQ7fAIegQIABAR,Advanced attachment scanning and detection; ; Identity and social graphing for anomaly detection; Contextual email banners surfaced based on risk ...,Mimecast Limited
Oracle Consulting,https://www.google.com/search?sca_esv=4490efdd07ced03b&cs=1&q=oracle+consulting&stick=H4sIAAAAAAAAAF1RPU8CMRgWUwmcGkNPDX7ENC6OIBgSR6MHOqBEWXQhpddgY6-9tD2Q34Cro4uJu4l_Av-CO0tXJxmMByEXdXuf5_163ufN7O-mijeukSGSChNOUaikHxGjx6nti78MwsJHmqouI1SP5zMt77x51rxuvYKUBS7MzcqPpdARN0x0LFhynEJQKJb6rcOgbEEers-KGooGjCp0FYWhVMaCFbjsXTbQkcC8bxjRFqxB1xOGqlAxHYvgWIjpzFUIf_GezwyTwgIEd2qyS5UIqDCIRNrIIF5A70OqGBWEWrAJ86dRgAUiOGQGcxTHuEMnDRakIagp2Ys1Q6fOfJ_THlZxkwMzjWR3DE6wwW2s6X8h9eksNb2kyihPrLJgEWarTGBBGOaJJwd3wW3Pj5NOdgIrQVv0nxdysy-QxMSP9MbcYPRQdj_zw62XEai8fZXeHwfDp9He9w-6SJcSvgEAAA&sa=X&ved=2ahUKEwiWnqfBzJaGAxWkSWwGHd6MBOYQ7fAIegQIABBU,"Consulting, ; Contact Center Analytics, Oracle Fusion Middleware; Contextual Intelligence · Contract Service Billing, JD Edwards EnterpriseOne ...",Oracle Corporation
Cloud computing,https://www.google.com/search?sca_esv=4490efdd07ced03b&cs=1&q=cloud+computing&stick=H4sIAAAAAAAAAF1QPU8CQRAVsxI4NcQ9NfgRs7GxRMCQWBoFtECJ0mhDlr0NbtyPy-4eyG_A1tLGxN7EP4F_wZ5mWyspjAchRO3mzbyZ9-al8ruJ_I1vVYiUxoRTFGoVRMSaUWL74m8HYRkgQ3WHEWpG86lm-bxx1rhuvoKEAz5cmdKPlTQRt0y2HVjyvJzI7Rd6zUNRdCAL16ekuqaCUY2uojBU2jqQgcvlyzo6kpj3LCPGgTXol6WlOtTMxCY4lnJycxXCX_1ywCxT0gEEd6qqQ7UUVFpEImOViAXofUg1o5JQBzZh9jQSWCKCQ2YxR3GN23S84EASgqpW3dgz9GosCDjtYh0veTBVn2nH4ARb3MKG_jdSm9zSk08qjPJZVA4swnSFSSwJw3yWycGduO0G8dBLj2FJtGTveSFDuIoCRJQIo3GEH8mNuf7woeh_ZgdbL0NQevsqvD_2B0_Dve8fXfKgDLwBAAA&sa=X&ved=2ahUKEwiWnqfBzJaGAxWkSWwGHd6MBOYQ7fAIegQIABBl,Oracle is the only technology provider with a complete suite of integrated  applications and a  infrastructure platform. The Oracle  offers all ...,Oracle Corporation
Oracle Premier Support,https://www.google.com/search?sca_esv=4490efdd07ced03b&cs=1&q=oracle+premier+support&stick=H4sIAAAAAAAAAF1Ru04CQRQVMxJYNcZZJfiImdhYomBILI0uaIEStdGGDLMTnDg7s5mZBfkGbC1tTOxN_An8BXuaaa2kMC6PbNTunnNf556b2dtOFW9cI0MkFSacolBJPyJGD1Ob538ZhIWPNFVtRqgezmYa3tnV6dV14xWkLHDh8rT8SAodccNEy4IFxykEhd1it3EQlCzIw9y0qK5owKhCl1EYSmUsWIKL3kUdHQrMu4YRbcEqdD1hqAoV07EIjoUYz1yB8Bfv-cwwKSxAcKsq21SJgAqDSKSNDOIF9D6kilFBqAXrMH8SBVgggkNmMEdxjFt01GBBGoKqkp1YM3RqzPc57WAVNzkwU092x-AYG9zEmv4XUhvPUuNLKozyxCoL5mG2wgQWhGGeeLJ_F9x2_DjpZEewHDRF93kul3xh4o-e-PORXpvpDR5K7me-v_EyAOW3r-L7Y6__NNj5_gFsQix9wwEAAA&sa=X&ved=2ahUKEwiWnqfBzJaGAxWkSWwGHd6MBOYQ7fAIegQIABBy,"POSaaS for Restaurants,  Food and Beverage;  for Software, ;  for Systems, ; Primavera ...",Oracle Corporation
ERP Analytics,https://www.google.com/search?sca_esv=4490efdd07ced03b&cs=1&q=erp+analytics&stick=H4sIAAAAAAAAAF1QPU9CMRQVUwk8JcY-NfgR07g4omBIHI0-0AEl6qILKX0NNva1L20fyG_A1dHFxN3EP4F_wZ2lq5MMxkIIUbd77r3n3HNPZm87VbrxjYyRVJhwimIlw4QYPUxtnv_tICxCpKlqM0L1cDbTCM6uTq-uG68gZYEPlybrR1LohBsmWhYseF4hKuwWu42DqGRBHq5OluqKRowqdJnEsVTGgkWYCy7q6FBg3jWMaAtWoB8IQ1WsmHYmOBZirLkM4a9-EDLDpLAAwa2qbFMlIioMIok2MnIH6H1MFaOCUAvWYf4kibBABMfMYI5cjVt0RLAgDUFVyY7zDL0aC0NOO1g5kgcz9eltB46xwU2s6X8jtbGWGn9SYZRPo7JgHmYrTGBBGObTTPbvottO6IZedgTLUVN0n-dyTs7lPAnhI7020xs8lPzPfH_jZQDKb1_F98de_2mw8_0DzAJ8iroBAAA&sa=X&ved=2ahUKEwiWnqfBzJaGAxWkSWwGHd6MBOYQ7fAIegQIABB9,"However, Oracle Applications 11i / Oracle E-Business Suite is the largely used  application has Oracle Database as the Back-end. Oracle E-Business Suite is ...",Oracle Corporation
Enterprise planning,https://www.google.com/search?sca_esv=4490efdd07ced03b&cs=1&q=enterprise+planning&stick=H4sIAAAAAAAAAGVQPU8CQRAVsxI4NcY9NfgRs7GxRIGQWBoFtECJ0mhDlrsJbtyPy94eyG_A1tLGxN7EP4F_wZ5mWyspjAchxI9u3sx7b95Man8nUbh2jQqI0tTjQAKt_Mgz4TCxdf67Q6j0SQi6zTwIh7OpRumsflq_aryghEUuXp7Qj5QMI26YbFm04DhZkd3LdRsHIm9RBq9NSDUNgoEml1EQKG0sWsKLpYsaOZSUdw3zQotWsVuSBnSgWRiH4FTKsecKxj_6JZ8ZpqRFBG9XVBu0FCAN8aLQKBEvgLsANAPpgUUbOHMSCSqJRwNmKCdxTVswEliUxKiiVSfOjJ0q830OHapjkYNTtenuGBxTQ5s0hL9BqmMvPb6kzIBPX2XRPE6XmaTSY5RPf1K4FTcdPx466REsiqbsPs258P_k9-T6TG9wn3c_Mv3N5wEqvn7m3h56_cfB7tc3cFUJ1cABAAA&sa=X&ved=2ahUKEwiWnqfBzJaGAxWkSWwGHd6MBOYQ7fAIegUIABCFAQ,"Resource  (ERP) ·  Session Border Controller, Oracle Communications;  Single Sign-On, Oracle Fusion Middleware ...",Oracle Corporation
Enterprise Edition,https://www.google.com/search?sca_esv=4490efdd07ced03b&cs=1&q=enterprise+edition&stick=H4sIAAAAAAAAAF1Qu04CQRQVMxJYNcZZNfiImdhYoqAklkYBLVCiNtqQYfcGJ85jMzsL8g3YWtqY2Jv4E_gL9jTTWklhXJDgo7uv87gntb2R2L1yjQqI0tTjQAKt_MgzYT-xdvp3Qqj0SQi6yTwI-5OpWvHk4vjisvaMEha5eH50fqBkGHHDZMOiGcfJiuxWrl3bE3mLMnhpdFTVIBhoch4FgdLGojk8Wzyrkn1JedswL7RoEbtFaUAHmoWxCU6lHHIuYPxrXvSZYUpaRPB6WTVBSwHSEC8KjRKxANwGoBlIDyxawZmjSFBJPBowQzmJa9qAAcCiJEZlrVqxZ-xUmO9zaFEdgxycqo614-aQGlqnIfw3Uhly6eEnJQZ8HJVF0zhdYpJKj1E-zmTnRly3_HjppAdtQdRl-3EKww8jfL_2llye6PTu8u57prv61EOFl4_c632n-9Db_PwCNp9cx78BAAA&sa=X&ved=2ahUKEwiWnqfBzJaGAxWkSWwGHd6MBOYQ7fAIegUIABCQAQ,", Oracle Database; Enterprise Manager, Oracle Enterprise Manager; Enterprise Manager Plug-in for Oracle ZFS Storage Appliance · Enterprise ...",Oracle Corporation
Government customer experience,https://www.google.com/search?sca_esv=4490efdd07ced03b&cs=1&q=government+customer+experience&stick=H4sIAAAAAAAAAH1QPU8CQRAVsxI4NcY9NfgRsrGxRMGQWBoFtECJ0mhDlr0NbtyPy-4eyG_A1tLGxN7EP4F_wZ5mWyspjAchRC3s5s289-bNpPa2E8Vr36oQKY0JpyjUKoiINcPE1vnvDsIyQIbqNiPUDGdTjdJZ_bR-1XgBCQd8uDyhHylpIm6ZbDmw4Hk5kdvNdxsHouBABq5NSDVNBaMaXUZhqLR1YAkuli5q6FBi3rWMGAdWoV-SlupQMxOH4FjKsecKhD_6pYBZpqQDCGYrqk21FFRaRCJjlYgX0LuQakYloQ5swMxJJLBEBIfMYo7iGrfoSOBAEoKKVp04M_SqLAg47WAdizyYqk13x-AYW9zEhv4NUh176fElZUb59FUOzMN0mUksCcN8-pP9W3HTCeKhlx7BomjK7tNctvXvDe_J9Zne4L7gf2T6m88DUHz9zL899PqPg52vb6DQl4PLAQAA&sa=X&ved=2ahUKEwiWnqfBzJaGAxWkSWwGHd6MBOYQ7fAIegUIABCYAQ,"GoldenGate, Oracle Fusion Middleware; GoldenGate Cloud Service, Oracle Fusion Middleware;  · GraalVM Enterprise Edition · Grow ...",Oracle Corporation
Human capital management,https://www.google.com/search?sca_esv=4490efdd07ced03b&cs=1&q=human+capital+management&stick=H4sIAAAAAAAAAHWQPU8CMRjHxVQCp8bYU3O-xDQujigYjKPRAx1Qoi66kNJroLHXXtoeyGfA1dHFxN3EL4FfwZ2lq5MMxoMQoiZuz8v_eZ7f88_sbqX2b1wjIyQVJpyiSMkgJkYPUhvnvysIiwBpqlqMUD2YztT8s6vTq-vaC0hZ4MLFsfxICh1zw0TDgjnHyYW5nXyndhAWLPDgylhUVTRkVKHLOIqkMhYswHn_oooOBeYdw4i2YBm6vjBURYrpBIJjIUY7lyD8UfcDZpgUFiC4WZYtqkRIhUEk1kaGyQF6F1HFqCDUgjXoncQhFojgiBnMURLjBh0OWJCGoKxkO2GGToUFAadtrJIhB2aqk9tJcowNrmNN_4JURrvU6JMSo3xilQWzMFtiAgvCMJ94sncbNttB0nSyw7QY1kXnacZr_gP4nl6d6vbvC-6H11t_7oPi62f-7aHbe-xvf30DWXT91MUBAAA&sa=X&ved=2ahUKEwiWnqfBzJaGAxWkSWwGHd6MBOYQ7fAIegUIABCgAQ,(vii) Software as a Service-Oracle  Cloud: Oracle Cloud platform has been used to onboard top talent into an organization and upgrading ...,Oracle Corporation
Grow,https://www.google.com/search?sca_esv=4490efdd07ced03b&cs=1&q=grow&stick=H4sIAAAAAAAAAF2Qu04CQRSGxYwEVo1xVg1eYiY2lioYoqXRBS1QojTakGF2ghPnspmdBXkGbC1tTOxNfAl8BXuaaa2kMA6EELU7l_-c850_s7eVOrjxjYqQ0phwiiKtwoSYeJDauPhbQViGKKa6xQiNB9OZenBeO6td119BygIfLo7lx0rGCTdMNi2Y87wdsbOb79QPRcGCHFwZi6qaCkY1ukqiSGljwQKcDy6r6Ehi3jGMxBYsQz-QhupIs9hBcCzlaOcShL_qQcgMU9ICBDfLqkW1FFQaRJLYKOEO0PuIakYloRaswdxpIrBEBEfMYI5cjJt0OGBBGoKyVm3HDL0KC0NO21i7IQ9mqpPbLjnBBjdwTP-DVEa79OiTEqN8YpUFszBbYhJLwjCfeLJ_J27boWt62WFaFA3ZeZ4BTcfwkV6d6vYfCv5nrrf-0gfFt6_8-2O399Tf_v4BVBI-lrEBAAA&sa=X&ved=2ahUKEwiWnqfBzJaGAxWkSWwGHd6MBOYQ7fAIegUIABCoAQ,"GoldenGate, Oracle Fusion Middleware; GoldenGate Cloud Service, Oracle Fusion Middleware; Government Customer Experience · GraalVM Enterprise Edition · , ...",Oracle Corporation
Middleware,https://www.google.com/search?sca_esv=4490efdd07ced03b&cs=1&q=middleware&stick=H4sIAAAAAAAAAF1QPU8CQRAVsxI4NcY9NfgRs7GxRMGQUBo90AIlaqMNWfY2uHE_Lrt7IL8BW0sbE3sT_wT-BXuaba2kMB6EELWbN_Nm3puX2d9JlW98qyKkNCacokirMCbWDFNb5387CMsQGarbjFAznM00grOr06vrxitIOeDD5Qn9SEkTc8tky4EFz8uL_F6h2yiLogM5uDYh1TUVjGp0GUeR0taBJbgYXNTRocS8axkxDqxCP5CW6kgzk5jgWMrxzRUIf_WDkFmmpAMIbldVm2opqLSIxMYqkQjQ-4hqRiWhDmzA3EkssEQER8xijpIat-howYE0BFWtOoln6NVYGHLawTpZ8mCmPtVOwDG2uIkN_W-kNr6lx59UGOXTqByYh9kKk1gShvk0k4M7cdsJk6GXHcGSaMru85wnptIf6fWZ3uCh6H_m-psvA1B6-yq8P_b6T4Pd7x_G1aOwtwEAAA&sa=X&ved=2ahUKEwiWnqfBzJaGAxWkSWwGHd6MBOYQ7fAIegQIABAD,. Oracle Fusion  is the digital business platform that connects organizations to the cloud. It enables enterprises to create and run ...,Oracle Corporation
Planning,https://www.google.com/search?sca_esv=4490efdd07ced03b&cs=1&q=planning&stick=H4sIAAAAAAAAAF1QPU8CQRAVshI4NcY9NfgRs7Gx5MuQWBo90AIlSqMNWfY2uHFv97K7B_IbsLW0MbE38U_gX7Cn2dZKCuNBkKjdvJn33ryZdGE3Wchfu0aGSCpMOEWhkn5EjB4lts__dhAWPtJUdRihepRMN72zxmnjqvkCEha4cGVKP5JCR9ww0bZg0XFyQS5f7DUPgpIFWbg-JdUVDRhV6DIKQ6mMBctwybuoo0OBec8woi1Yg64nDFWhYjoOwbEQE89VCH_1PZ8ZJoUFCO5UZYcqEVBhEIm0kUG8gN6FVDEqCLVgE2ZPogALRHDIDOYornGbjgUWpCCoKtmNM0Onxnyf0y5WsciB6fpsdwyOscEtrOn_ILWJl5pcUmGUz15lwQLMVJjAgjDMZz_Zvw1uun48dDJjWA5aovc0n_658z21Mdcf3pfcj-xg63kIyq-fxbeH_uBxuPf1DSuA_2i2AQAA&sa=X&ved=2ahUKEwiWnqfBzJaGAxWkSWwGHd6MBOYQ7fAIegQIABAP,"Project  and Control, Oracle E-Business Suite; Project Portfolio Analysis, Oracle E-Business Suite; Project Resource Management, Oracle E-Business ...",Oracle Corporation
Database,https://www.google.com/search?sca_esv=4490efdd07ced03b&cs=1&q=database&stick=H4sIAAAAAAAAAF1QP08CMRQXUslxaow9NfgnpnFxRMCQOBo90AElyqILKb0GG3vtpe2BfAZcHV1M3E38EvgV3Fm6OslgPAgh6vZ-773fn_ecwm66ULjxjIyQVJhwiiIlg5gYPUptX_ztICwCpKnqMEL1KO00_fPGWeO6-QpSFnhwZbp-LIWOuWGibcGi6-bD_H6x1zwMSxbk4Pp0qa5oyKhCV3EUSWUsWIZL_mUdHQnMe4YRbcEa9HxhqIoU00kIjoWYaK5C-KvvB8wwKSxAcKcqO1SJkAqDSKyNDBMDeh9Rxagg1IJNmDuNQywQwREzmKOkxm06JliQgaCqZDfJDN0aCwJOu1glJBc69Zl3Ak6wwS2s6f8gtYmWmlxSYZTPXmXBAsxWmMCCMMxnPzm4C2-7QTJ0s2NYDlui9zzvBFP5j8zGXH_4UPI-c4OtlyEov30V3x_7g6fh3vcPR60sa7YBAAA&sa=X&ved=2ahUKEwiWnqfBzJaGAxWkSWwGHd6MBOYQ7fAIegQIABAY,". Explore Oracle , which offers security, flexibility, performance, and reliability to support the most demanding operational and analytical ...",Oracle Corporation
Enterprise Manager,https://www.google.com/search?sca_esv=4490efdd07ced03b&cs=1&q=enterprise+manager&stick=H4sIAAAAAAAAAF1QO08CQRAWshI4NcY9NfiI2dhYImBILI0eaIESpdGGLHsT3Hi3e9nbA_kN2FramNib-CfwL9jTbGslhfFAgo9uvpn5HjPp_HYyX7iytQyIVJR5QAIl3YjpcJjYPPvbIVS4JATV5gzCYTLdcE7rJ_XLxjNKGGTjpcn6oRRh5GkuWgbNW1bOz-0Wuo19v2hQFq9OlmoKfA6KXERBIJU2aBEvOOc1ciCo19WchQatYNsRGlSgeBiH8KgQY81ljH_1HZdrLoVBBG9VZBuU8EFowqJQSz82gNsAFAfBwKB1nD2OfCoIowHX1CNxTVswIhiUwqiiZCfOjK0qd10POlTFJAuna1PvGBxRTZs0hP9BqmMtNb6kzMGbvsqgOZwpc0EF49Sb_mTvxr_uuPHQyoxgyW-K7uMshh_F73TqLbU20xvcFe33bH_jaYBKLx-F1_te_2Gw8_kFwmBpicABAAA&sa=X&ved=2ahUKEwiWnqfBzJaGAxWkSWwGHd6MBOYQ7fAIegQIABAh,", Oracle ;  Plug-in for Oracle ZFS Storage Appliance ·  Ops Center · Enterprise ...",Oracle Corporation
Field service,https://www.google.com/search?sca_esv=4490efdd07ced03b&cs=1&q=field+service&stick=H4sIAAAAAAAAAF1QP08CMRQXUgmcEmNPDf6JaVwcETAkjkYPdECJuuhCSq9i47W9tD2Qz4Cro4uJu4lfAr-CO0tXJxmMByEE3d7vvff78166sJMslG5cI0MkFSYBRaGSfkSMHia2zv92EBY-0lS1GaF6mEw3vLOr06vrxhtIWODC5cn6kRQ6CgwTLQsWHSfP83vFbuOAlyzIwbXJUl1RzqhCl1EYSmUsWIJZ76KODgUOuoYRbcEqdD1hqAoV03GIAAsx1lyBcKbv-cwwKSxAcLsq21QJToVBJNJG8tiAPoRUMSoItWAD5k4ijgUiOGQGByiucYuOCBakIKgq2YkzQ6fGfD-gHaxikgPT9al3DI6xwU2s6f8gtbGWGl9SYTSYvsqCBZipMIEFYTiY_mT_nt91_HjoZEawzJui-zKfvZ2lfqbW53qDx5L7letvvg5A-f27-PHU6z8Pdn9-AeGXYaW7AQAA&sa=X&ved=2ahUKEwiWnqfBzJaGAxWkSWwGHd6MBOYQ7fAIegQIABAq,"· , Oracle E-Business Suite; Financial Management, JD Edwards EnterpriseOne; Financial Management, PeopleSoft; Financials Centralized ...",Oracle Corporation
Financial,https://www.google.com/search?sca_esv=4490efdd07ced03b&cs=1&q=financial&stick=H4sIAAAAAAAAAF1Qu04CQRQVMhJYNcZZNfiImdhYokBILI0uaIESpdGGDLsjTpzHZmYW5BuwtbQxsTfxJ_AX7GmmtZLCuBAkancf53Vvem87uVe8co0MkVTYZwSFSgaRb_QwsXn2d4KwCJAmqk19oofJdMM7rZ_ULxsvIGGBC5cm8EMpdMQMFS0L5h0nx3O7-W5jnxcsyMLVCaimCKdEoYsoDKUyFizCBe-8hg4EZl1DfW3BCnQ9YYgKFdVxCIaFGGsuQ_hr7gXUUCksQHCrIttECU6EQX6kjeSxAbkLiaJE-MSCdZg9jjgWyMchNZihuMYtMiJYkIKgomQnzgydKg0CRjpYxSQHpmtT77g5wgY3sSb_g1THWmp8SZkSNn2VBXMwU6YCC59iNv1J8ZbfdIJ46WRGbYk3RfdpNnP9A3xPrc30BvcF9yPb33gegNLrZ_7todd_HOx8fQMphxkztwEAAA&sa=X&ved=2ahUKEwiWnqfBzJaGAxWkSWwGHd6MBOYQ7fAIegQIABA2,"Services Anti Money Laundering ·  Services Regulatory Reporting Solution · , Oracle E-Business Suite; Financing, Oracle Financing ...",Oracle Corporation
Financial Management,https://www.google.com/search?sca_esv=4490efdd07ced03b&cs=1&q=financial+management&stick=H4sIAAAAAAAAAF1QPU8CMRgWUgmcGmMPDX7ENC6OCCiJo1FAB5Qoiy6k9Co2XttL2wP5Dbg6upi4m_gn8C-4s3R1ksF4ECTq9n48X--bzG3Fc3tXrpEBkgoTn6JASS8kRg9jG2d_JwgLD2mq2oxQPYwnG6XT-kn9svECYha4cGkCP5RCh75homXBvONkeXYn323s84IFGbgyAdUU5YwqdBEGgVTGgkW4UDqvoQOB_a5hRFuwDN2SMFQFiukohI-FGGumIfw1L3nMMCksQHCzIttUCU6FQSTURvLIgN4FVDEqCLVgDWaOQ44FIjhgBvsoqnGLjggWJCCoKNmJMkOnyjzPpx2sIpIDk7Wpd9QcYYObWNP_QapjLTW-pMyoP32VBXMwVWYCC8KwP_3J7i2_6XjR0kmN2iJviu7TbPr6B_gr3HtidaY3uC-4H5n--vMAFF8_828Pvf7jYPvrG1f_XBPCAQAA&sa=X&ved=2ahUKEwiWnqfBzJaGAxWkSWwGHd6MBOYQ7fAIegQIABA_,", JD Edwards EnterpriseOne; , PeopleSoft; Financials Centralized Solution Set, Oracle E-Business Suite; Financial ...",Oracle Corporation
Hospitality,https://www.google.com/search?sca_esv=4490efdd07ced03b&cs=1&q=hospitality&stick=H4sIAAAAAAAAAF2Qu04CQRSGhYwEFo1xVg1eYiY2lggYEkujC1qgRGm0IcPuBCbuzGxmZsF9BmwtbUzsTXwJfAV7mmmtpDAuG0LU7lz-c853_mxpL12q3tpaBEhI7PoEBVJ4oavVJLVz-beCMPeQIrJPXaIm6WzbuWidt27aryBlgA1XZ_ITwVXoa8q7BixZVpEVD8pR-4hVDCjAjZmoKQmjRKLrMAiE1AaswGXnqomOOfYjTV1lwDq0Ha6JDCRVMYSPOU92rkH4q-54VFPBDUBwty76RHJGuEZuqLRg8QFyHxBJCXeJAVuwcBYyzJGLA6qxj-IYd8l0wIAMBHUpBjEztBrU83wywDIesmC2Ob8dJ6dY4w5W5D9II9klk09qlPhzqwzIw1yNcsxdiv25J4d3rDfw4qaVm6ZV1uHR82K-J1TCRnX0kdlcGI4fKvZnYbT9MgbVt6_y--Nw9DTe__4BtlN7-rkBAAA&sa=X&ved=2ahUKEwiWnqfBzJaGAxWkSWwGHd6MBOYQ7fAIegQIABBK,OPERA Reporting and Analytics ·  OPERA Reservation System GDS Interface Cloud Service ·  OPERA Room Reservations Cloud Service ...,Oracle Corporation
Marketing Cloud,https://www.google.com/search?sca_esv=4490efdd07ced03b&cs=1&q=marketing+cloud&stick=H4sIAAAAAAAAAG1RQU7CQBQVU6QWkDhGRRO18QK0SIwskRCjCcZYXOgGh85AJkw7tTPThMTEA-ApXLkynsEjuHTvpguXxrgSChQ0rmby33_vv_e_au4mjKv1BvN0DinmbebbWPd8hqQt-HciQqx_kHm1WTttHDcum89KIlSWQa4O_S4WxO3oVcokCpW0tlhwCoZZQp12qGS1dKFTMItmifboTcSoMseRLhE93R4xVsHKzKwacbnAxI16Ky6kPUFsPlHfBPmZXgv7ARm8YzAHsn8qv6XPKBSDnxMqGlDrkmKLtUWopEDSotDuRuWK5024mjYMUuTl7oEBUg3YohjKqGnqcQlkag4kVLeERISFSmbMClxkGlGGEyZ9F_f0Q0kown5ks85ahOKYNKic4wC7MjauaepQptQUwSgXswmcTsmDtarkgjnY1xEUUPfiaPHGvX1UHjjYAVszK6igAPuC8OHBRmIPyZwT3zC6yNvCxlz__X7v-uvz4u4pV7x94erHkfG6_Zjt_wD8a71WOgIAAA&sa=X&ved=2ahUKEwiczc2jzpaGAxW0T2wGHbjXDA4Q7fAIegUIABC3Ag,The  is among the most popular Salesforce products and helps businesses streamline their  processes. It allows you to reach out to ...,Salesforce Inc
Sales,https://www.google.com/search?sca_esv=4490efdd07ced03b&cs=1&q=sales&stick=H4sIAAAAAAAAAG1SQU7CQBQVU6QWkDhGRRO18QJQJEaWSIjRBGNsXegGh85AJkw7tTPThMTEA-ApXLkynsEjuHTvpguXxrgSChQ0rmby33_vv_dnVGM3YVytW8zTOaSYt5lvY93zGZK24N-JCDH_QebVZv3UOrYum89KIlSWQa4B_S4WxO3oNcokCpW0tlhwCkWjjDrtUMlq6UKnYJSMMu3Rm4hRY44jXSJ6uj1irIKVmVl14nKBiRv1Vl1Ie4LYfKK-CfIzvSb2AzI4x2AOZP9UfkufUSgGNydUNKA2JMUma4tQSYGkSaHdjcpVz5twNW0YpMQr3YMiSFmwRTGUUdPU4xLI1B1IqG4KiQgLlcyYFbjIKEYZTpj0XdzTDyWhCPuRzQZrEYpj0qByjgPsyti4pqlDmXJTBKNczCZwOiUP1mqSC-ZgX0dQQN2Lo8Ub9_ZRZeBgB2zNrKCKAuwLwocPNhJ7SCajP_C2sDHXf7_fu_76vLh7ypVuX7j6cVR83X7M9n8A1_lVkTACAAA&sa=X&ved=2ahUKEwiczc2jzpaGAxW0T2wGHbjXDA4Q7fAIegUIABDOAg,"crafts a personalized  venture for all the customers. It makes every moment count, be it process to standardize, automating manual tasks ...",Salesforce Inc
Commerce,https://www.google.com/search?sca_esv=4490efdd07ced03b&cs=1&q=commerce&stick=H4sIAAAAAAAAAG1Ry0rDQBS1ktqYthZH1CqowR9oE4vYZS1FFCpi6kI3dZqZlqGTTMzMBAqCH1C_wpUr8Rv8BJfu3WThUsSVafpUXM1wzz3nnnOvauwmzKv1BvN0DinmbebbWPd8hqQt-HciRqx_kHm1WTttHDcum89KIlSWQa4O_S4WxO3oVcokCpW0tlhwCkWjhDrtUMlq6UKnYJhGifboTcyoMseRLhE93R4yVsHKzKwacbnAxI17Ky6kPUFsPlbfBPmZXgv7AYneEZgD2T-V39JnFIro54SKBtS6pNhibREqKZC0KLS7cbnieWOupg2CmLzcPSiCVAO2KIYybpp6XAKZmgMJ1S0hEWGhkhmxAhcZxTjDCZO-i3v6oSQUYT-2WWctQvGEFFXOcYBdOTGuaepAptQUwTAXswmcTsmDtarkgjnY1xEUUPcm0SYb9_ZROXKwA7ZmVlBBAfYF4YODDcUekqodXQRH6NvCxlz__X7v-uvz4u4pZ96-cPXjqPi6_Zjt_wBeYC-BMwIAAA&sa=X&ved=2ahUKEwiczc2jzpaGAxW0T2wGHbjXDA4Q7fAIegUIABDhAg,Salesforce  is an ecommerce platform that helps your brand grow faster and convert more leads into customers. It unifies the purchasing ...,Salesforce Inc
Community cloud,https://www.google.com/search?sca_esv=4490efdd07ced03b&cs=1&q=community+cloud&stick=H4sIAAAAAAAAAG1Ry07CQBQVU6QWkDhGRRO18QegQIwskRCjCcZYXOgGh85AJkw7tTPThMTED8CvcOXK-A1-gkv3brpwaYwrS3kbVzO5555zz7lXNfZjxevNBnN1DinmbeZZWHc9hqQl-E8sQsx_kEW1WTtrnDSumi9KLFBWQaYOvS4WxOnoVcokCpSktpyzc3mjhDrtQElryVwnZxSMEu3R24hRZbYtHSJ6ujVkrIO1mVk14nCBiRP1VhxIe4JYfKy-DbIzvSb2fBK-IzAD0n8q89LnFIrwZweKBtS6pNhkbREoCRA3KbS6UbniumOupg2CFHi5e5gHiQZsUQxl1DT1uAJSNRsSqptCIsICJTVi-Q4y8lGGUyY9B_f0I0kowl5ks85ahOIJKaxcYB87cmJc09SBTKkp_GEuZhE4nZIFG1XJBbOxpyMooO5Ook027h6gcuhgD-zMrKCCfOwJwgcHG4o9xjPW_EXel7YW-h8PxZvvr8v750zh7pWrn8f5t92ndP8X9qOPhToCAAA&sa=X&ved=2ahUKEwiczc2jzpaGAxW0T2wGHbjXDA4Q7fAIegUIABD0Ag,Salesforce .  focuses on enhancing collaboration and engagement by creating branded online communities. This product allows ...,Salesforce Inc
Salesforce Einstein,https://www.google.com/search?sca_esv=4490efdd07ced03b&cs=1&q=salesforce+einstein&stick=H4sIAAAAAAAAAG1Sy0rDQBS1kmpMW4tT1CqowR9IUovYZS1FFCpi6kI3dZqZlqGTTMzMBAqCH1C_wpUr8Rv8BJfu3WThUsSVbfpUXM1wzz3nnnNnVGs3UbxarzNf55Bi3mKBg3U_YEg6gn8nYsT-B5lXG9XT-nH9svGsJCJlBWRrMOhgQby2XqFMokhJaUuGa5hWEbVbkZLRUkbbsApWkXbpTcyoMNeVHhFd3RkyVkFuZlaVeFxg4sW9ZQ_SriAOH6tvgvxMr42DkPTPEZgFmT-V39JnFIr-zY0UDag1SbHNWiJSFkHSptDpxOWy74-5mjYIUuClzoEJFuuwSTGUcdPU4zJIV11IqG4LiQiLlPSIFXrIMuMMJ0wGHu7qh5JQhIPYZo01CcUTUr9yjkPsyYlxTVMHMsWGCIe5mEPgdEoerFUkF8zFgY6ggLo_iTbZuL-PSn0HO2BrZgVlFOJAED54sKHYQzI38wfwKNnbwsZc7_1-7_rr8-LuKVu4feHqx5H5uv2Y6f0ApB3ALz4CAAA&sa=X&ved=2ahUKEwiczc2jzpaGAxW0T2wGHbjXDA4Q7fAIegUIABCLAw,"is your AI-powered assistant. It brings artificial intelligence into your CRM, offering predictive analytics, personalized ...",Salesforce Inc
Analytics Cloud,https://www.google.com/search?sca_esv=4490efdd07ced03b&cs=1&q=analytics+cloud&stick=H4sIAAAAAAAAAG1RQU7CQBQVU7QWkDhGRRO18QJQRCNLJMRogjEWF7rBoTOQCdNO7cw0aWLiAfAUrlwZz-ARXLp304VLY1wJBQoaVzP577_33_tfNXYSe1drDebqHFLM28yzsO56DElL8O9EhJj_ILNqs3baOG5cNp-VRKgsgWwdel0siNPRq5RJFCopbSFv5wtGCXXaoZLRUvlO3igaJRrQm4hRZbYtHSIC3RoyVsDy1KwacbjAxIl6Kw6kgSAWH6tvgNxUr4k9n_TfEZgFmT-V39JnFIr-zw4VDah1SbHJ2iJU5kHSpNDqRuWK6465mjYIUuTl7kEBzDdgi2Ioo6aJx0WQrtmQUN0UEhEWKukRy3eQUYgynDDpOTjQDyWhCHuRzTprEYpjUr9yjn3syNi4pqkDmVJT-MNczCJwMiUHVquSC2ZjT0dQQN2No8Ubd_dRue9gG2xOraCCfOwJwgcHG4o9JLMw3nJ0kbe59Zne-_3u9dfnxd1Ttnj7wtWPo8Lr1mOm9wP9CQGfOgIAAA&sa=X&ved=2ahUKEwiczc2jzpaGAxW0T2wGHbjXDA4Q7fAIegUIABCiAw,provides the tools you need to unlock the full potential of your data. By consolidating data from multiple sources and visualising it in ...,Salesforce Inc
Salesforce Service Cloud,https://www.google.com/search?sca_esv=4490efdd07ced03b&cs=1&q=salesforce+service+cloud&stick=H4sIAAAAAAAAAG1SwU7CQBAVU7QWkLhGRRO18QegSIgckRCjCcbYetALLt2FbNh2a3e3CYmJH4Bf4cmT8Rv8BI_evfTg0RhPQoGCxtNOZua9eW9mVWMvUb7asJinc0gxbzPfxrrnMyRtwb8TUcX8pzKvNuun1rF12XxWEqGyArIN6HexIG5Hr1EmUaiktKW8ky8YJdRph0pGS-U7eaNolGiP3kSIGnMc6RLR0-0RYg2szsyqE5cLTNyot-pC2hPE5hP2LZCb6TWxH5DBOy5mQeZP5jf1GYViEDmhogG1ISk2WVuEyiJImhTa3Shd9bwJVtOGRoq80j0ogEULtiiGMmqaalwG6boDCdVNIRFhoZIeowIXGYXIwwmTvot7-qEkFGE_ktlgLUJxDBpkznGAXRkL1zR1SFNqimDki9kETqfkwHpNcsEc7OsICqh7sbV4414ZVQYKdsH2zAqqKMC-IHx4sBHZQzI38wf4eH_Rad4WNuf67_f711-fF3dP2eLtC1c_jgqvO4-Z_g8od0xnQwIAAA&sa=X&ved=2ahUKEwiczc2jzpaGAxW0T2wGHbjXDA4Q7fAIegUIABCzAw,"makes sure that the right cases are routed to the right agents across multiple channels, including email, live chat, and phone. The ...",Salesforce Inc
Service Cloud,https://www.google.com/search?sca_esv=4490efdd07ced03b&cs=1&q=service+cloud&stick=H4sIAAAAAAAAAG1Ry0rDQBS1kmpMW4sjahXU4A-kqUXtspYiChUxdaGbOs1My9BJJmZmAgXBD6hf4cqV-A1-gkv3brJwKeLKNH0qrma4555zz7lXNXcS-1drdebpHFLMW8y3se75DElb8O9EjFj_ILNqo3paP65fNp6VRKgsgWwN-h0siNvWK5RJFCopbcFwjLxZRO1WqGS0lNE2zIJZpF16EzMqzHGkS0RXtweMFbA8NatKXC4wcePesgtpVxCbj9Q3QG6q18J-QKJ3CGZB5k_lt_QZhSL6OaGiAbUmKbZYS4TKPEhaFNqduFz2vBFX0_pBCrzUOciD-TpsUgxl3DTxuAjSVQcSqltCIsJCJT1kBS4y83GGEyZ9F3f1Q0kown5ss8aahOIxKaqc4wC7cmxc09S-TLEhgkEuZhM4mZIDqxXJBXOwryMooO6No4037u2hUuRgG2xOraCMAuwLwvsHG4g9JDN8uLT4Hm9z6zO99_vd66_Pi7unbOH2hasfR_nXrcdM7we7yfj9OAIAAA&sa=X&ved=2ahUKEwiczc2jzpaGAxW0T2wGHbjXDA4Q7fAIegUIABDKAw,. Salesforce  is a CRM that assists a business's customer support team. It helps customers get in touch with a company via email ...,Salesforce Inc
Salesforce Platform,https://www.google.com/search?sca_esv=4490efdd07ced03b&cs=1&q=salesforce+platform&stick=H4sIAAAAAAAAAG1Sy07CQBQVU6QWkDhERRO18QegSAwskRCjCcZYXOgGh85AJkw7tTPThMTED8CvcOXK-A1-gkv3brpwaYwrS3lqXM3knnvOPefOqMZerHy10WSuziHFvMM8C-uux5C0BP-ORYj5D7KotuqnzePmZetZiQXKKsg0oNfDgjhdvUaZRIGS1Jbzdr5glFC3EyhpLZnv5o2iUaJ9ehMxasy2pUNEX7dGjDWQnZtVJw4XmDhRb9WBtC-IxSfqWyA312tizyfhOQYzIP2n8lv6jEIR3uxA0YDakBSbrCMCJQHiJoVWLypXXXfC1bRhkCKv9MoFkGjCNsVQRk0zjysgVbchobopJCIsUFJjlu8goxBlOGHSc3BfP5SEIuxFNhusTSieksLKOfaxI6fGNU0dypRawh_lYhaBsyk5sF6TXDAbezqCAuruNNp04-4BqoQOdsH23AqqyMeeIHz4YCOxh3h2_g-Mdd6WNhcG7_f711-fF3dPmeLtC1c_jgqvO4_pwQ8QXsPpPgIAAA&sa=X&ved=2ahUKEwiczc2jzpaGAxW0T2wGHbjXDA4Q7fAIegUIABDbAw,.  is a -as-a-service (PaaS) that gives you all the essential tools and services you need to build apps. Built ...,Salesforce Inc
MuleSoft,https://www.google.com/search?sca_esv=4490efdd07ced03b&cs=1&q=mulesoft&stick=H4sIAAAAAAAAAG1Ry0rDQBS1ktqYthZH1CqowR9oU4vYZS1FFCpi4kI3dZqZlqGTTMzMBAqCH1C_wpUr8Rv8BJfu3WThUsSVafpUXM3l3nvOPeeMauwmKlfrFvN0DinmbebbWPd8hqQt-Hcinpj_TObVZv3UOrYum89KIlSWQa4B_S4WxO3oNcokCpW0tlhwCkWjjDrtUMlq6UKnYJSMMu3RmxhRY44jXSJ6uj1ErIKVmVt14nKBiRvvVl1Ie4LYfMy-CfIzuyb2AxK9o2EOZP90flOfUSiiygkVDagNSbHJ2iJUUiBpUmh343bV88ZYTRsYKfFK96AIUhZsUQxlvDTVuAQydQcSqptCIsJCJTNCBS4yirGHEyZ9F_f0Q0kown4ss8FahOIJKOqc4wC7ciJc09QBTbkpgqEvZhM4vZIHazXJBXOwryMooO5NrE0S9_ZRJVKwA7ZmIqiiAPuC8MGHDckekqoTRcGjKN4WNub67_d711-fF3dPudLtC1c_joqv24_Z_g9eRQl7MwIAAA&sa=X&ved=2ahUKEwiczc2jzpaGAxW0T2wGHbjXDA4Q7fAIegQIABAE,is another one of Salesforce products emerging out of a historic acquisition. Salesforce acquired  in 2018 to provide users with seamless ...,Salesforce Inc
Slack,https://www.google.com/search?sca_esv=4490efdd07ced03b&cs=1&q=slack&stick=H4sIAAAAAAAAAG1Ry0rDQBS1JdWYthZH1CqowR9oUovYZS1FFCpi6kI3dZqZlqGTTMzMBAqCH1C_wpUr8Rv8BJfu3WThUsSVafpUXM3lnnvOPeeOau4mTeNqvcE8nUOKeZv5NtY9nyFpC_6diBHrHySpNmunjePGZfNZSYTKMsjVod_FgrgdvUqZRKGS1hYLTsEwS6jTDpWsli50CmbRLNEevYkZVeY40iWip9tDxipYmdlVIy4XmLjxbMWFtCeIzcfqmyA_M2thPyDROwJzIPun81v6jEIRVU6oaECtS4ot1hahsgBSFoV2N25XPG_M1bRBkCIvdw8MsNCALYqhjIemHpdApuZAQnVLSERYqGRGrMBFphFnOGHSd3FPP5SEIuzHNuusRSiekKLOOQ6wKyfGNU0dyJSaIhjmYjaB0y15sFaVXDAH-zqCAureJNrk4t4-KkcOdsDWzAkqKMC-IHzwYUOxh1SKD9K_zW_M9d_v966_Pi_unnLF2xeufhwZr9uP2f4P0Piv1jECAAA&sa=X&ved=2ahUKEwiczc2jzpaGAxW0T2wGHbjXDA4Q7fAIegQIABAh,"is one of the newest Salesforce products that facilitate seamless collaboration and communication between professionals. , a popular online ...",Salesforce Inc
AppCloud,https://www.google.com/search?sca_esv=4490efdd07ced03b&cs=1&q=appcloud&stick=H4sIAAAAAAAAAG1RQU7CQBQVUrQWkDhGRRO18QJQJEaWSIjRBGNsXegGh85AJkw7tTPThMTEA-ApXLkynsEjuHTvpguXxrgSChQ0rmby33_vv_e_auwmDeNq3WKeziHFvM18G-uez5C0Bf9ORIj5D5JUm_VT69i6bD4riVBZBrkG9LtYELej1yiTKFTS2mLBKRSNMuq0QyWrpQudglEyyrRHbyJGjTmOdIno6faIsQpWZmbVicsFJm7UW3Uh7Qli84n6JsjP9JrYD8jgHYM5kP1T-S19RqEY_JxQ0YDakBSbrC1CZQGkTArtblSuet6Eq2nDICVe6R4UwYIFWxRDGTVNPS6BTN2BhOqmkIiwUMmMWYGLjGKU4YRJ38U9_VASirAf2WywFqE4Jg0q5zjAroyNa5o6lCk3RTDKxWwCp1PyYK0muWAO9nUEBdS9OFq8cW8fVQYOdsDWzAqqKMC-IHx4sJHYQ0qFnhed4m1-Y67_fr93_fV5cfeUK92-cPXjqPi6_Zjt_wDwqe1qNAIAAA&sa=X&ved=2ahUKEwiczc2jzpaGAxW0T2wGHbjXDA4Q7fAIegQIABA0,:  is a Platform-as-a-Service (PaaS) that allows businesses to build custom applications on top of the Salesforce platform. It includes ...,Salesforce Inc
Tableau,https://www.google.com/search?sca_esv=4490efdd07ced03b&cs=1&q=tableau+software&stick=H4sIAAAAAAAAAG1Ry0rDQBTVEjXG1uqIT1AHf6BNLaLLWoooVMTUhW7qNDMtQyeZOI9IQfAD9CtcuRK_wU9w6d5NFi5FXJmmtVZxNZd77jn3nDumvZGyC2eLNR5AiRiRTS5cAgPBsXaV_BxNEOcfJGXWK4e1_dpp_dEYjYxZkK0i0SaK-i1YZlzjyJiyJnNeLm8XcasZGRlrKtfK2QW7yDrsImGUuedpn6oOdHuMeTA3tKtCfakI9ZPZko9YR1FXfquvgKWhWYeIkMZvH8yCzJ_Ob-kjhlRceZFhAbOqGXF4U0XGBBhzGHLbSbsUBN9cy-oGKcid9nYeTNRQgxGkk6Efj9MgXfEQZdBRGlMeGek-K_SxnU8yHHAtfNKBu5oyTERis8oblJEBKe4ck5D4emDcssyuTLGuwl4u7lL0s2UJLJS1VNwjAmKkEAwG0QYXD7bwTuxgHawOnaCEQyIUld0P64ndjc2oXjQo43NcIkFexpdHbl5vN88_3k-uH7KFqydpvu3ln9fuMzdfFOuJPTwCAAA&sa=X&ved=2ahUKEwiczc2jzpaGAxW0T2wGHbjXDA4Q7fAIegQIABBE,"Salesforce . , another strategic acquisition by Salesforce, is a leading data visualization and business intelligence platform. It empowers ...",Salesforce Inc
Einstein,https://www.google.com/search?sca_esv=4490efdd07ced03b&cs=1&q=einstein&stick=H4sIAAAAAAAAAG1Ry07CQBQVUqQWkDhGRRO18QegQIwskRCjCcZYXOgGh85AJkw7tTPThMTED8CvcOXK-A1-gkv3brpwaYwrS3lqXM3NPfece84d1diLG6WrjSZzdQ4p5h3mWVh3PYakJfh3LELMf5C42qqfNo-bl61nJRYoKyDbgF4PC-J09RplEgVKSlvK2_mCUUbdTqBktFS-mzeKRpn26U3EqDHblg4Rfd0aMdbA6tyuOnG4wMSJZqsOpH1BLD5R3wK5uVkTez4J3zGYBZk_nd_SZxSKsLIDRQNqQ1Jsso4IlCRImBRavahddd0JV9OGQYq80jsogGQTtimGMhqaeVwG6boNCdVNIRFhgZIes3wHGYUowwmTnoP7-qEkFGEvstlgbULxlBR2zrGPHTk1rmnqUKbcEv4oF7MInG3JgfWa5ILZ2NMRFFB3p9GmF3f3USV0sAu2505QRT72BOHDDxuJPSRUPI7ztri5MHi_L11_fV7cPWWLty9c_TgqvO48ZgY_F49hRjQCAAA&sa=X&ved=2ahUKEwiczc2jzpaGAxW0T2wGHbjXDA4Q7fAIegQIABBf,".  is Salesforce's AI layer. However, it isn't really a standalone product,  is baked into almost every Salesforce Cloud. An ...",Salesforce Inc
Email Studio,https://www.google.com/search?sca_esv=4490efdd07ced03b&cs=1&q=email+studio&stick=H4sIAAAAAAAAAG1Ry04CMRQVMug4gMQaFU3UiT8Ag8TIEgkxmmCMgwvdYJkW0tCZjtN2EhITPwC_wpUr4zf4CS7du5mFS2NcCeWpcdX23HvOPedWt3bjVvFqvc58k0OKeYsFDjb9gCHpCP4dUxX7n0pcb1RP68f1y8azFou0ZZCpwaCDBfHaZoUyiSItaSzm3FzeKqJ2K9LSRjLXzlkFq0i79EYxKsx1pUdE13SGjFWwMjOrSjwuMPFUb9mDtCuIw8fqmyA702vjICT9c1TMgPQf5Lf0GYWif3MjzQB6TVJss5aItAWQsCl0Ogou-_6YaxiDIAVe6hzkwUIdNimGUjVNPS6BVNWFhJq2kIiwSEuNWKGHrLzKcMJk4OGueSgJRThQNmusSSiekPrIOQ6xJyfGDUMfyBQbIhzmYg6B0ylZsFaRXDAXByaCApr-JNpk4_4-KvUd7ICtmRWUUYgDQfjgw4ZiD4kUVgm4er7Nb8z13u_3rr8-L-6eMoXbF65_HOVftx_TvR8VqZOXOAIAAA&sa=X&ved=2ahUKEwiczc2jzpaGAxW0T2wGHbjXDA4Q7fAIegQIABBy,".  serves a tool for  marketing, enabling you to set up both simple and complex  marketing campaigns. To help you build ...",Salesforce Inc
Internet of things,https://www.google.com/search?sca_esv=4490efdd07ced03b&cs=1&q=internet+of+things&stick=H4sIAAAAAAAAAG1Ry0oDMRTVMuo4thYjPkEN_kA7tYouaymiUBGnLnRT00laQzPJOEkGCoIfoF_hypX4DX6CS_duZuFSxJXTaa1VXOVyzz3nnnNj2uspe_NsoSZ8KBEjsikCl0A_EFi7Sn6OJojzD5Iy65XD2n7ttP5ojEbGDMhWUdAmivIWLDOhcWRMWZM5L5e3i7jVjIyMNZVr5eyCXWQddpkwysLzNKeqA90eYw7MDu2qUC4VoTyZLXHEOoq68lt9GSwOzTokCGn89sEsyPzp_JY-YkjFlRcZFjCrmhFHNFVkTIAxhyG3nbRLvv_NtaxukILcaW_nwUQNNRhBOhn68TgN0hUPUQYdpTEVkZHus0KO7XyS4UDogJMO3NWUYRIkNquiQRkZkOLOMQkJ1wPjlmV2ZYp1FfZyCZeiny2LYL6spRIeCSBGCkF_EG1wcX8L78QO1sDK0AlKOCSBorL7YT2xuzFAuSKxRQVFE6qLGJIv40sjN6-3G-cf7yfXD9nC1ZM03_byz6v3mZsvRu5Jgj4CAAA&sa=X&ved=2ahUKEwiczc2jzpaGAxW0T2wGHbjXDA4Q7fAIegUIABCFAQ,. Salesforce  is an -powered solution that concentrates on leveraging connected devices to get useful customer data. Once the data is ...,Salesforce Inc
Journey Builder,https://www.google.com/search?sca_esv=4490efdd07ced03b&cs=1&q=journey+builder&stick=H4sIAAAAAAAAAG1Ry07CQBQVUrQWkDhGRRO18QegSIgskRCjCcZYXOgGh85ARqad2plpQmLiB-BXuHJl_AY_waV7N124NMaVpTw1rubmnnvOPeeOauzGjdLleoO5OocU8zbzLKy7HkPSEvw7FiHmP0hcbdZOGkeNi-azEguUZZCpQ6-LBXE6epUyiQIlqS3m7FzeKKJOO1DSWjLXyRkFo0h79CZiVJltS4eInm4NGatgZWZXjThcYOJEsxUH0p4gFh-rb4LszKyJPZ-E7wjMgPSfzm_pUwpFWNmBogG1Lik2WVsEygJImBRa3ahdcd0xV9MGQQq83N3Pg4UGbFEMZTQ09bgEUjUbEqqbQiLCAiU1YvkOMvJRhmMmPQf39ANJKMJeZLPOWoTiCSnsnGEfO3JiXNPUgUyxKfxhLmYRON2SBWtVyQWzsacjKKDuTqJNLu6WUDl0sAO2Zk5QQT72BOGDDxuKPSQy1yOHraHDt_mNuf77_d7V1-f53VOmcPvC1Y_D_Ov2Y7r_AwqPCS47AgAA&sa=X&ved=2ahUKEwiczc2jzpaGAxW0T2wGHbjXDA4Q7fAIegUIABCaAQ,". If you're working in the B2C Marketing space,  is what you need to be looking at. This tool allows you to build powerful ...",Salesforce Inc
Mobile Studio,https://www.google.com/search?sca_esv=4490efdd07ced03b&cs=1&q=mobile+studio&stick=H4sIAAAAAAAAAG1Ry07CQBQVUqQWkDhGRRO18QegSFSWSIjRBGMsLnSDQ2cgE6ad2plpQmLiB-BXuHJl_AY_waV7N124NMaVpTw1rmbm3HvOPeeOauzEjf2rtQZzdQ4p5m3mWVh3PYakJfh3LKqY_1TiarN22jhuXDaflVigLIFsHXpdLIjT0auUSRQoKW0hb-cLRgl12oGS0VL5Tt4oGiXaozcRo8psWzpE9HRryFgByzOzasThAhMn6q04kPYEsfhYfQPkZnpN7PkkPEfFLMj8QX5Ln1EowpsdKBpQ65Jik7VFoCRBwqTQ6kZwxXXHXE0bBCnycvegAJIN2KIYyqhp6nERpGs2JFQ3hUSEBUp6xPIdZBSiDCdMeg7u6YeSUIS9yGadtQjFE1KInGMfO3JiXNPUgUypKfxhLmYROJ2SA6tVyQWzsacjKKDuTqJNNu7uoXLoYBtszqyggnzsCcIHHzYUe0hk7KEbHr3f5tfn-u_3u9dfnxd3T9ni7QtXP44Kr1uPmf4PUhAVUzkCAAA&sa=X&ved=2ahUKEwiczc2jzpaGAxW0T2wGHbjXDA4Q7fAIegUIABCtAQ,". As you might have guessed by the name,  is similar to Email , but focused on the content creation for . Using the ...",Salesforce Inc
Revenue Cloud,https://www.google.com/search?sca_esv=4490efdd07ced03b&cs=1&q=revenue+cloud&stick=H4sIAAAAAAAAAG1RTUrDQBTWkmqMrcURtQpq8AJtapG6rKWIQkVMXeimjplpGTrJxPkJBAQPoKdw5Uo8g0dw6d5NFi5FXJmmNVZxNcN77_t7T7c2M1btbLnNfFNAikWXcQebPmdIOVJ8TiYd-59ORu80D9v77dPOozYZafOg0IK8jyXxemaDMoUibdaYKbmlslVFvW6k5Y3ZUq9kVawqDellgmgw11UekaHpDBGLYGFMq0k8ITHxktm6B2koiSO-2VdBcWzWxjwg8TtqFkD-T-U39RGFMv65kWYAvaUotllXRto0yNoUOv2kXPf9b6xhDIJUxE6_VgbTbXhBMVTJ0I_HOZBrupBQ05YKERZpuREq8JBVTjIcMMU9HJq7ilCEeWKzxS4IxSkorhzjAHsqNW4Y-oCm2pHBMBdzCPxRKYKlhhKSuZibCEpo-mm0dOP-NtqJHWyAtbEV1FGAuSRicLAh2V02z0fayT1eplYmbl5vt84_3k-uHwqVqyehv-2Vn9fv8zdfy2xuGzkCAAA&sa=X&ved=2ahUKEwiczc2jzpaGAxW0T2wGHbjXDA4Q7fAIegUIABDAAQ,Salesforce  acts as a -based  management tool. It allows you to manage both customer relationships and  streams in the same ...,Salesforce Inc
Management,https://www.google.com/search?sca_esv=4490efdd07ced03b&cs=1&q=management&stick=H4sIAAAAAAAAAG1Ry04CMRQVMug4gMQaFU3UiT8Ag8TIEgkxmmCMgwvdYJkW0tBpx2k7CYmJH4Bf4cqV8Rv8BJfu3czCpTGuhOGpcdWbe-4595xb3dqNW6Wr9Tr3TAEpFi3uO9j0fI6UI8V3LELsf5C43qie1o_rl41nLRZqyyBTg34HS8LaZoVyhUItaSzm3FzeKqJ2K9TSRjLXzlkFq0i79CZiVLjrKkZk13SGjFWwMrOrSpiQmLBotswg7UriiLH6JsjOzNrYD0j_HYEZkP7T-S19RqHsV26oGUCvKYpt3pKhtgASNoVOJ2qXPW_MNYxBkIIodQ7yYKEOmxRDFQ1NPS6BVNWFhJq2VIjwUEuNWAFDVj7KcMKVz3DXPFSEIuxHNmu8SSiekPqdcxxgpibGDUMfyBQbMhjm4g6B0y1ZsFZRQnIX-yaCEpreJNrk4t4-KvUd7ICtmROUUYB9ScTgw4ZiDwnDhQy2sYuZfJvfmOu93-9df31e3D1lCrcvQv84yr9uP6Z7PxXt13w2AgAA&sa=X&ved=2ahUKEwiczc2jzpaGAxW0T2wGHbjXDA4Q7fAIegUIABDTAQ,". In January 2021, Salesforce announced the launch of  with the intent to help businesses engage and reward their ...",Salesforce Inc
Social Studio,https://www.google.com/search?sca_esv=4490efdd07ced03b&cs=1&q=social+studio&stick=H4sIAAAAAAAAAG1Ry0rDQBS1JdWYthZH1CqowR9oEovYZS1FFCpi6kI3dZqZlqGTTMzMBAqCH1C_wpUr8Rv8BJfu3WThUsSVbfpUXM3Mufece84d1dxNWsbVep35OocU8xYLHKz7AUPSEfw7EVfsfypJtVE9rR_XLxvPSiJSlkGuBoMOFsRr6xXKJIqUtLZYcAuGWUTtVqRktXShXTAts0i79CZmVJjrSo-Iru4MGatgZWZWlXhcYOLFvWUP0q4gDh-rb4L8TK-Ng5D0z1ExB7J_kN_SZxSK_s2NFA2oNUmxzVoiUhZAyqbQ6cRw2ffHXE0bBLF4qXNggIU6bFIMZdw09bgEMlUXEqrbQiLCIiUzYoUeMo04wwmTgYe7-qEkFOEgtlljTULxhNRHznGIPTkxrmnqQKbYEOEwF3MInE7Jg7WK5IK5ONARFFD3J9EmG_f3UanvYAdszaygjEIcCMIHHzYUe0hl-VCcx--3-Y253vv93vXX58XdU866feHqx5Hxuv2Y7f0Aah96zjkCAAA&sa=X&ved=2ahUKEwiczc2jzpaGAxW0T2wGHbjXDA4Q7fAIegUIABDoAQ,"– combines marketing solutions with sales and service with popular social media platforms. It focuses on creating, approving, and publishing ...",Salesforce Inc
Customer data platform,https://www.google.com/search?sca_esv=4490efdd07ced03b&cs=1&q=customer+data+platform&stick=H4sIAAAAAAAAAG1Ry07CQBQVUqQWkDhGRBO18QeglRhZIiFGE4yxuNANDp2BTJh2amemCYmJH4Bf4cqV8Rv8BJfu3XTh0hhXQnlqXM3NPfece84d1diNm8bVeoN5OocU8zbzbax7PkPSFvw7FiHWP0hcbdZOG8eNy-azEguVFZCtQ7-LBXE7epUyiUIlpS0VnELRKKFOO1QyWqrQKRimUaI9ehMxqsxxpEtET7dHjDWwOrerRlwuMHGj2YoLaU8Qm0_UN0F-btbCfkAG7xjMgsyfzm_pMwrFoHJCRQNqXVJssbYIlSRIWBTa3ahd8bwJV9OGQUxe7h4UQbIBWxRDGQ3NPC6DdM2BhOqWkIiwUEmPWYGLjGKU4YRJ38U9_VASirAf2ayzFqF4Shp0znGAXTk1rmnqUKbUFMEoF7MJnG3Jg1xVcsEc7OsICqh702jTi3v7qDxwsAO25k5QQQH2BeHDDxuJPSRy9r9Sb4sbC_33-73rr8-Lu6esefvC1Y-j4uv2Y6b_A_n2BJxCAgAA&sa=X&ved=2ahUKEwiczc2jzpaGAxW0T2wGHbjXDA4Q7fAIegUIABD7AQ,.  is a  management solution that allows specialists to get a complete view of each  with unified ...,Salesforce Inc
Education,https://www.google.com/search?sca_esv=4490efdd07ced03b&cs=1&q=education&stick=H4sIAAAAAAAAAG1RQUrDQBTVkmqaWosjahXU4AXaxCJ2WUsRhYqYutBNHTPTMnQyEzMzgYLgAeopXLkSz-ARXLp3k4VLEVemaa1VXM3w33_vv_e_bm2lbPt8pcl9U0CKRZsHLjb9gCPlSvE5nSDOP0hKb9WPmgfNs9ajNh1pCyDfgEEXS8I6Zo1yhSIta2SKXrFklVGnHWk5I1vsFC3bKtMevUoYNe55ihHZM90hYwksTsyqEyYkJizprTJIe5K44lt9DRQmeh0chCR-R2Ae5P5UfksfUyjjnxdpBtAbimKHt2WkzYK0Q6HbTcpV3__mGsYgiC0q3d0SmG3CS4qhSpp-PM6DuboHCTUdqRDhkTY3YoUMWaUkwyFXAcM9c08RinCQ2GzwS0LxmBRXTnCImRobNwx9IFNuyXCYi7sE_kwpgOWaEpJ7ODARlND0x9HGG_d3UCV2sAnWJ1ZQRSEOJBGDgw3F7tIZHB8XSsLZy8zqVP_1dvvi4_305iFvXz8J_W2_9Lxxn-t_ASDmvWU1AgAA&sa=X&ved=2ahUKEwiczc2jzpaGAxW0T2wGHbjXDA4Q7fAIegUIABCUAg,"Salesforce  Cloud. Built on the world's #1 CRM,  Cloud empowers institutions to find, engage, retain, and support learners throughout ...",Salesforce Inc
Salesforce Advertising Studio,https://www.google.com/search?sca_esv=4490efdd07ced03b&cs=1&q=salesforce+advertising+studio&stick=H4sIAAAAAAAAAG1Sy07CQBQVUrQWkDhGRRO08QegQIwskRCjCcZYXOgGh85AJkw7tTPThMTED8CvcOXK-A1-gkv3brpwaYwrobyqcTWTe-4595w7oxp78WLparPJXJ1DinmHeRbWXY8haQn-HQsR8x8krrbqp83j5mXrWYkFyirINKDXw4I4Xb1GmUSBktSW83a-YJRRtxMoaS2Z7-aNolGmfXoTMmrMtqVDRF-3xox1sBaZVScOF5g4YW_VgbQviMWn6tsgG-k1seeT4TkBMyD9p_Jb-oxCMbzZgaIBtSEpNllHBMoSSJgUWr2wXHXdKVfTRkGKvNI7KIClJmxTDGXYNPe4AlJ1GxKqm0IiwgIlNWH5DjIKYYYTJj0H9_VDSSjCXmizwdqE4hlpWDnHPnbkzLimqSOZckv441zMInA-JQs2apILZmNPR1BA3Z1Fm23c3UeVoYNdkIusoIp87AnCRw82FntI5CJ_AEZwHuJvi1sLg_f70vXX58XdU6Z4-8LVj6PC685jevADq75xl0kCAAA&sa=X&ved=2ahUKEwiczc2jzpaGAxW0T2wGHbjXDA4Q7fAIegUIABCmAg,– integrates CRM data with digital advertising. Connecting the channels gives users consistency and helps the users gain new ...,Salesforce Inc
SAP ERP,https://www.google.com/search?sca_esv=4490efdd07ced03b&cs=1&q=sap+erp&stick=H4sIAAAAAAAAAFVRzW4TMRAmyLTpUqCySkv5dVvuTSmp1ONmG0QlggIbCcElctbDYtVrr2zvlvIKcOAEd54AiQfgDTghgRBXLpaQOHPCu4lCcrNn5vuZb5q7W43WsxWrchKHfZJrxYrEmr-N5bnv2eaw-3BwNHg6_IgaDi3hxardfdx3aBXj6h2pLAOdAImEKphDy0Gwk-207mhb5icOnQ-W6u_d1rFvXsIX7kc9YpQoLFfSOLSCL1YsnYILRsI896V1fHlcMlyCMaRzegiGp7KGe-lZ-Ca-NTfrGQRPaNUlsS0YVw4FQbO20Nrdd2gNr97jksqEU0EyKmkKGUg7XSdMkoonUtJqJRy6ga_VZVZ6DDBySC0lPZ7qWsOhq_hKbWDgZzpVNLLkWskx5ySuqP_IoW28WUf30oJknugJ1fBCFQZIb8bFxOv-q_aBQ1uYxDQn4ciA1yahZOQB0HIeQfDNsUGaW-57MegStPdhQeeaG5gZmezwPwB_Mx9cOpaazfHIw1PN7SmJEw0g66FJ2FU2Xtrnq4FmZORnjrkQRj230_MnejRsJ9Pzt_cEG304t2j8Ot7Wj4WNM69_vdm7_f76Rv9TV_75_O7n1y9vF77h77__AWbs-WuZAgAA&sa=X&ved=2ahUKEwiNnJf1zJaGAxXLUGwGHdAQDcMQ7fAIegUIABDaAQ,"Modules.  has a total of 25 modules. Although all 25 modules are not expanded in business processes. From a consultant's perspective, proceeding ...",SAP SE
SAP Commerce Cloud,https://www.google.com/search?sca_esv=4490efdd07ced03b&cs=1&q=sap+commerce+cloud&stick=H4sIAAAAAAAAAFVSy24TMRQlyJR0KFBZLVCebsu-CW0qsZxMg6hEUGAiIdhEjucyWPXYI9szUH4BFqxgzxcg8QH8ASskEGLLxhISa1Z4JiEkO9_HOffcc91sbzXaT1atykkcDkiuVVIwa_40VhbCk81R7_7wcPh49AE1HFrGp6ty7-HAoTWMq3eksgw0AxIJVSQOrQTBTrbTuqVtmT936EywXId7rSNfPI_P3o36xChRWK6kcWgVn6tYugUXCQnz3Kcu4vVJynAJxpDu8QEYnsoa7kfPwzfxjYVezyA4o1WVxLZIuHIoCJq1hFZ736ELeO0Ol1QyTgXJqKQpZCDtbJ2QsYonUtJqJRy6hq_U6aT0GEjIAbWU9Hmq6xkOXcaXagFD39OtrJEl10pOOKd2RYMHDm3jzdq6FxZk4okeUQ3PVGGA9OdUTLXuv-zcdmgLk5jmJBwb8LNJKBNyD2i5iCD4-kQgzS33tRh0CdrrsKBzzQ3MtUx3-G-Av5k3Lp2Mmvfx0MNTze0xiZkGkHXT1OzKGz_a-6uBZmTse464EEY9tbPzMz0eddjs_J1dkYzfn8LGr8P-fRhWfZjvSxsnXv18vXvz3dWNwcee_P3p7Y8vn98sfcXffv0FYlaVrqQCAAA&sa=X&ved=2ahUKEwiNnJf1zJaGAxXLUGwGHdAQDcMQ7fAIegUIABDrAQ,". Deliver smoother customer experiences by integrating your digital and physical customer touch points – including online, mobile, call ...",SAP SE
SAP Concur,https://www.google.com/search?sca_esv=4490efdd07ced03b&cs=1&q=sap+concur&stick=H4sIAAAAAAAAAFVRzW4TMRAmyJR0KVBZ5aflz225N21JJY6bbapWIiiwkRBcIsc7LFa99sr2LpRXgAMnuPMESDwAb8AJCYR65WIJiTMnvJsoJDd7Zr6f-aa5vdHYebZsVU7isE9yrZKCWfO3sTT3Pdscdh8OjgZPh59Qw6FFfL5qdx_3HVrBuHpHKstAMyCRUEXi0FIQbGVbrR1ty_ylQxeCxfp7r3Xsm5fxxcOoR4wSheVKGoeW8aWKpVNwkZAwz33pGr4yLhkuwRjSOdkHw1NZw730LHwd35mb9QyCM1p1SWyLhCuHgqBZW2ht7zl0Fa8ccEkl41SQjEqaQgbSTtcJGat4IiWtVsKhW_hGXU5Kj4GE7FNLSY-nutZwaA1frw0M_EynikaWXCs55pzEFfUfObSJ1-voXlmQiSd6QjW8UIUB0ptxMfG697p936ENTGKak3BkwGuTUCbkAdByHkHw7bFBmlvuezHoErT3YUHnmhuYGZns8D8AfzMfXDqWms3xyMNTze0JiZkGkPXQJOwqGy_t89VAMzLyM8dcCKOe2-n5mR4N22x6_vauSEYfzwXGr8OUZIX-ubB65s2vt7t3P9xc7X_uyj9f3p9--_pu4Tv-8fsfoAJleJwCAAA&sa=X&ved=2ahUKEwiNnJf1zJaGAxXLUGwGHdAQDcMQ7fAIegUIABD5AQ,". Integrate travel spend, ERP, accounting, and card data into a single cloud-based and mobile system that manages your  processes ...",SAP SE
SAP Ariba,https://www.google.com/search?sca_esv=4490efdd07ced03b&cs=1&q=sap+ariba&stick=H4sIAAAAAAAAAFVRzW4TMRAmyC3JtkBltUD5dQv3pg2p1ONmG0QlggIbCcEl8q6HxequvbK9C-0rwIET3HkCJB6AN-CEBEJcuVhC4swJ7yYKyc2eme9nvmnubjc6z9aMzEnoD0muJCtio_82Vhe-Z5vj_sPR0ejp-CNqWNTC56p2__HQonWMq3cgswxUDCRIZcEsWvW8nWynvadMmb-0aMVr1d-77WPXvIjP3w8GRMu0MFwKbdEavlCx9AqeMuLnuStdxhuTkuYCtCa9k0PQPBE13EnPw7fwrYVZx5DymFZdEpqCcWmR5zVrC-3dfYsu4fV7XFARc5qSjAqaQAbCzNbx47jiCaQwSqYW3cDX6jIrHQYYOaSGkgFPVK1h0VV8pTYwcjO9KhpRciXFhHMaVzB8ZNFtvFVH98qAYI7oCVXwQhYayGDOxdTr_mn3wKJtTEKaEz_S4LSJLxh5ALRcRBB8c2KQ5oa7XgiqBOV8GFC54hrmRqY7_A_A3cwFl0yk5nM8cvBEcXNCwlgBiHpoGnaVjZN2-SqgGYnczDFPUy2fm9n5YxWNu_Hs_N1OyqIPSy3t1qGKR_TH8uaZ17_edO68v745_NQXfz6_-_n1y9vlb_j77396lHHwmwIAAA&sa=X&ved=2ahUKEwiNnJf1zJaGAxXLUGwGHdAQDcMQ7fAIegUIABCGAg,"Learn about  solutions to manage direct and indirect spend,  Fieldglass solutions to enhance external workforce management, and  Concur ...",SAP SE
HCM solutions,https://www.google.com/search?sca_esv=4490efdd07ced03b&cs=1&q=hcm+solutions&stick=H4sIAAAAAAAAAFVRzW4TMRAmyJR0aaGy2kL5dQv3prSpxHGzDaISQYGNhOASOd5ha9Vrr2zvQnkFOHCCO0-AxAPwBpyQQIgrF0tInDnh3URpcrNn5vuZb5o7W4295ytW5SQO-yTXKimYNf8aS3Pfs81h99HgcPBs-Ak1HFrE56t290nfoVWMq3eksgw0AxIJVSQOLQXBdrbduqttmb906EKwWH_3Wse-eQkvP4h6xChRWK6kcWgFX6xYOgUXCQnz3Jcu47VxyXAJxpDOyQEYnsoa7qVn4Zv41tysZxCc0apLYlskXDkUBM3aQmtn36F1vHqfSyoZp4JkVNIUMpB2uk7IWMUTKWm1Eg7dwNfqclJ6DCTkgFpKejzVtYZDV_GV2sDAz3SqaGTJtZJjzklcUf-xQ7fxZh3dKwsy8URPqYYjVRggvRkXE6_7r9v3HNrCJKY5CUcGvDYJZUIeAi3nEQTfHBukueW-F4MuQXsfFnSuuYGZkckOpwH4m_ng0rHUbI6HHp5qbk9IzDSArIcmYVfZeGmfrwaakZGfOeZCGPXCTs_P9GjYZtPzt3dFMvp4bvmIZafX-7mwcebN77e7dz5c3-h_7sq_X97_-vb13cJ3_OPPf96t6o-fAgAA&sa=X&ved=2ahUKEwiNnJf1zJaGAxXLUGwGHdAQDcMQ7fAIegUIABCWAg,Human Capital Management () SAP SuccessFactors HXM Suite offers individualised experiences and strategic  with mobile self-services that empower ...,SAP SE
SAP Build Apps,https://www.google.com/search?sca_esv=4490efdd07ced03b&cs=1&q=sap+build+apps&stick=H4sIAAAAAAAAAFVRy24TMRQlyJR0KKWyyqM83ZZ9U0oqsZxMg6hEUGAiIdhEHs9lsDpjj2zPQPkFWLCCPV-AxAfwB6yQQIgtG0tIrFnhcaKQ7Ox7z73n3HPau1ut7tM1I0sSh0NSKplWzOi_rZWF78n2uP9gdDh6Mv6IWhYt49NNu_9oaNE6xs07kkUBigGJclmlFq0EwU6x07mlTF2-sOhMsOy_tztHrnkOn70XDYiWeWW4FNqiNbzabOlVPE9JWJaudBGfn5Q0F6A16R0fgOaZ8OOOen58E99YwLoNOWe06ZLYVCmXFgVB20vo7O5bdAGv3-WCCsZpTgoqaAYFCDM7J2Ss2RNJYZTMLbqGr_hyWrsZSMkBNZQMeKY8h0WX8SUvYOQwvcYaUXMlxWTn1K5o-NCibbzprXtpQKRu0WOq4LmsNJDBnIqp1v1X3TsWbWES05KEiQbHTUKRkvtA68UJgq9PBNLScNeLQdWgnA4DqlRcwxxkesN_A1xmzrhsQjXv46EbzxQ3xyRmCkB40NTsxhtH7fxVQAuSOMwRz3Mtn5lZ_Ewl4y6bxd_dy9Pkw6lV7c5JfNTURf1jaePE619v9m6-v7ox_NQXfz6_-_n1y9ulb_j7739VZ21coAIAAA&sa=X&ved=2ahUKEwiNnJf1zJaGAxXLUGwGHdAQDcMQ7fAIegUIABCnAg,Solutions. Accelerate development and automation with low-code  solutions. Find out how these solutions enable you to create  ...,SAP SE
SAP Business ByDesign,https://www.google.com/search?sca_esv=4490efdd07ced03b&cs=1&q=sap+business+bydesign&stick=H4sIAAAAAAAAAFVRzW4TMRAmyJR0KVBZLVB-3cK9KSWROG62QVQiKLCREFwi73pYrO7aK9u7EF6hPfRU7jwBEg_AG3BCAiGuXCwhceaEdxNCcrNn5vuZb5o7W43Oi1UjcxL6A5IryYrY6D-NlYXv6eao93i4P3w--oAaFi3js1W793Rg0RrG1TuQWQYqBhKksmAWrXjedrbduqtMmb-26Jy3XH_vtQ5c8yI-_zDoEy3TwnAptEWr-ELF0i14yoif5650Ga9PSpoL0Jp0x3ugeSJquJOeh2_iWwuzjiHlMa26JDQF49Iiz2vWFlo7HYsu4bUHXFARc5qSjAqaQAbCzNbx47jiCaQwSqYW3cDX6jIrHQYY2aOGkj5PVK1h0VV8pTYwdDPdKhpRciXFhHMaVzB4YtFtvFlH98aAYI7oGVXwShYaSH_OxdRr5237vkVbmIQ0J36kwWkTXzDyCGi5iCD45sQgzQ13vRBUCcr5MKByxTXMjUx3-B-Au5kLLplIzee47-CJ4mZMwlgBiHpoGnaVjZN2-SqgGYnczAFPUy1fmtn5YxWN2vHs_O3dlEXvz6xrt070TyMas_qu35c2Th3-PNq98-76xuBjT_z-dPLjy-fjpa_426-_VP6b8KcCAAA&sa=X&ved=2ahUKEwiNnJf1zJaGAxXLUGwGHdAQDcMQ7fAIegUIABC1Ag,"With our cloud ERP solution, , learn how to manage your fast-growing  to scale and compete without the complexity and cost.",SAP SE
ERP solutions,https://www.google.com/search?sca_esv=4490efdd07ced03b&cs=1&q=erp+solutions&stick=H4sIAAAAAAAAAFVRzW4TMRAmyJR0aaGyWqD8ui33prQp4rjZBlGJoMBGQnCJnPWwWPXaK9u7UF4BDpzgzhMg8QC8ASckEOLKxRISZ054N1Ga3OyZ-X7mm-bOZuPOsxWrchKHfZJrxYrEmn-Npbnv6eaw-3BwOHg6_IQaDi3is1W7-7jv0CrG1TtSWQY6ARIJVTCHloJgO9tu3da2zF86dC5YrL97rSPfvICX70c9YpQoLFfSOLSCz1csnYILRsI896VLeG1cMlyCMaRzfACGp7KGe-lZ-Aa-OTfrGQRPaNUlsS0YVw4FQbO20NrZd-giXr3HJZUJp4JkVNIUMpB2uk6YJBVPpKTVSjh0HV-ty6z0GGDkgFpKejzVtYZDV_Dl2sDAz3SqaGTJtZJjzklcUf-RQ1t4o47ulQXJPNETquGFKgyQ3oyLidf91-27Dm1iEtOchCMDXpuEkpEHQMt5BME3xgZpbrnvxaBL0N6HBZ1rbmBmZLLDSQD-Zj64dCw1m-Ohh6ea22MSJxpA1kOTsKtsvLTPVwPNyMjPHHEhjHpup-dP9GjYTqbnb-8KNvp4ZtlbOrnez4X1U29-v9299eHaev9zV_798v7Xt6_vFr7jH3_-AxvKWWmfAgAA&sa=X&ved=2ahUKEwiNnJf1zJaGAxXLUGwGHdAQDcMQ7fAIegUIABDGAg,"Adopt a cloud  with speed, predictability, and continuous innovation. This comprehensive offering of cloud , adoption services, and learning helps ...",SAP SE
SAP Business Application Studio,https://www.google.com/search?sca_esv=4490efdd07ced03b&cs=1&q=sap+business+application+studio&stick=H4sIAAAAAAAAAFVRTW_UMBBlkSnbUKCyWqB81W25d0u7FRyz6SIqsWghKyG4rJxkCFYTO7KdQPkLcOAEd34BEj-Af8AJCYS4crGExJkTjndZsjd75s28N--1dzZbt54sa1GQ0B-SQoqkjLX601qa-55sj_v3R4ejx-MPqGXQIj5dt_sPhwatYFy_A5HnIGMgQSbKxKAlz9vOtzs3pa6K5wad8Rbdd69zZJvn8dm7wYAokZWaCa4MWsbn6i29kmUJ8YvCli7i1UlJMQ5Kkd7xASiWcjduqZvjG3h9Dms3ZCymdZeEukyYMMjz2k5CZ2ffoAt45Q7jlMeMZiSnnKaQA9ezc_w4rvcEgmspMoOu4SuunFR2BhJyQDUlA5ZKx2HQZXzJCRhZTK-2hldMCj7ZObUrGD4waAtvOOteaOCJXfSISngmSgVk0FAx1br_snvboE1MQloQP1JguYnPE3IPaDU_QfD1iUBaaGZ7IcgKpNWhQRaSKWhApjf8N8BmZo1LJ1RNHw_teCqZPiZhLAG4A03Nrr2x1NZfCTQnkcUcsSxT4qmexR_LaNyNZ_F3d7Mken9qXdlzon8ctJGVcll9X1g78ern690b766uDT_2-e9Pb398-fxm4Sv-9usv_Pc9RrECAAA&sa=X&ved=2ahUKEwiNnJf1zJaGAxXLUGwGHdAQDcMQ7fAIegUIABDXAg,"Our innovative products are built to meet all your essential  needs – from analytics to human capital management to ERP, and everything in between ...",SAP SE
Customer relationship management,https://www.google.com/search?sca_esv=4490efdd07ced03b&cs=1&q=customer+relationship+management&stick=H4sIAAAAAAAAAFVSy24TMRQlyJR0KFBZ5VGebmHflJJKXU6mQVQiKDCREGwix3OZWvXYI9szUH4BFqxgzxcg8QH8ASskEGLLxhISa1Z4JlGY7Ox7z7nn-Fy3tzdbe89WrcpJHA5JrlVSMGv-tlYWrifb4_7D0cHo6fgjajm0jE9X7f7joUNrGFfnSGUZaAYkEqpIHFoJgq1sq3NH2zJ_4dCZYLm-3u0c-eZ5fPZ-NCBGicJyJY1Dq_hcNaVXcJGQMM996RK-MC0ZLsEY0jveB8NTWdO9dJO-gW8uYP0EwRmtuiS2RcKVQ0HQri10tncduojX7nFJJeNUkIxKmkIG0s6fEzJWzYmUtFoJh67jq3U5KT0HErJPLSUDnupaw6Er-HJtYOQxvSoaWXKt5HTmLK5o-MihW3ijju6lBZn4QU-ohkNVGCCDhouZ191X3T2HNjGJaU7CiQGvTUKZkAdAy0UGwTemBmluue_FoEvQ3ocFnWtuoAGZveF_AH5nPrh0KtXM8cDTU83tMYmZBpA1aBZ2lY2X9vlqoBmZeMwRF8Ko53a-fqYn4y6br7-7I5LJh1OEFcYq_12IBlEHaA553ljDj6X1E69_vdm5_f7a-vBTX_75_O7n1y9vl77h77__AezCwaayAgAA&sa=X&ved=2ahUKEwiNnJf1zJaGAxXLUGwGHdAQDcMQ7fAIegQIABAD,(CX) Offer exceptional experiences at scale with cloud  that connects real-time data and signals across all commerce and ...,SAP SE
Financial management,https://www.google.com/search?sca_esv=4490efdd07ced03b&cs=1&q=financial+management&stick=H4sIAAAAAAAAAG1Ry24TMRSllSnpUKCywqM83ZZ9E0oqsZxMg6hEUGAiIdhEzvh2sOqxR7ZnoPwCLFjBni9A4gP4A1ZIIMSWjSUk1qzwTKKQSOzse8-559xzG-2t5Xbr6bpVOYnDAcm1YkVizZ-ltYXvcmPUezA8GD4ZfUBLDq3iU1W792jgUBPj6h2pLAOdAImEKphDa0Gwk-20bmlb5s8dOh2s1t_brSPfPIfP3Iv6xChRWK6kcWgdn62mdAsuGAnz3Jcu4vOTkuESjCHd430wPJU13UvP0zfxjQWsnyB4QqsuiW3BuHIoCBq1hVZ7z6ELuHmXSyoTTgXJqKQpZCDtbJ0wSao5kZJWK-HQNXylLrPSc4CRfWop6fNU1xoOXcaXagNDj-lW0ciSayUnM6dxRYOHDm3jzTq6FxYk84MeUw3PVGGA9OdcTL3uvezccWgLk5jmJBwb8NoklIzcB1ouMgi-PjFIc8t9LwZdgvY-LOhccwNzkOkO_wLwN_PBpROp-RwPPD3V3B6TONEAsgZNw66y8dI-Xw00I2OPOeJCGHVoZ-dP9HjUSWbn7-wKNn5_snn4n-i_r2ycePXz9e7Nd1c3Bh978ventz--fH6z8hV_-_UX7EJFZ6cCAAA&sa=X&ved=2ahUKEwiNnJf1zJaGAxXLUGwGHdAQDcMQ7fAIegQIABAU,". Unlock the potential of your finances to deliver new business models, optimize working capital, increase efficiency, and reduce risk ...",SAP SE
SAP Access Control,https://www.google.com/search?sca_esv=4490efdd07ced03b&cs=1&q=sap+access+control&stick=H4sIAAAAAAAAAFWRy24TMRSGaWVKOhSorHIpV7dl34SSSiwn0yAqERSYSAg2keM5DFY99sj2DJRXgAUr2PMESDwAb8AKCYTYsrGExJoVnpkoJDv73P7_fKfV2V7udJ6uW5WTOBySXKukYNb8XVpb-C63xv0Ho8PRk_FHtOTQKj5VpfuPhg5tYFy9I5VloBmQSKgicWgtCHaz3fYtbcv8hUOng9X6e7t95JPn8Jl70YAYJQrLlTQOreOz1ZRewUVCwjz3oYv4fBMyXIIxpHd8AIansm730vPtW_jGQq2fIDijVZbEtki4cigIWrWFdmffoQt44y6XVDJOBcmopClkIO1snZCxak6kpNVKOHQNX6nDSel7ICEH1FIy4KmuNRy6jC_VBka-plehkSXXSjYzp7ii4UOHdvBWje6lBZn4QY-phueqMEAGcy6mXvdfde84tI1JTHMSTgx4bRLKhNwHWi52EHy9MUhzy30uBl2C9j4s6FxzA3Ml0x3-A_A38-DSRmqe46FvTzW3xyRmGkDWRVPYFRsv7flqoBmZ-JojLoRRz-zs_ExPxl02O393TySTDyex8evQhjBrCP9Y2Tzx-tebvZvvr24OP_Xln8_vfn798nblG_7--x_F2ErPpQIAAA&sa=X&ved=2ahUKEwiNnJf1zJaGAxXLUGwGHdAQDcMQ7fAIegQIABAj,...  and assigning authorizations to managing change  and IT services. It is currently on release 7.2.  SolMan.  Cloud ALM comes pre-loaded ...,SAP SE
SAP Advanced Data Migration,https://www.google.com/search?sca_esv=4490efdd07ced03b&cs=1&q=sap+advanced+data+migration&stick=H4sIAAAAAAAAAFWRy24TMRSGaWVKOhSorHIp5eK27Ju0pBLLyTSISgQFJhKCTeTYh8HqjD2yPQPlFWDBCvY8ARIPwBuwQgIhtmwsIbFmhWeShmRnn9v_n-80WluLrd2nq1blJA77JNeKF8yavwsrc9_FxrD7YHA4eDL8iBYcWsZnqnT3Ud-hNYyrd6SyDDQDEqWq4A6tBMFOttPc1bbMXzh0Nliuv7ebRz55AZ-7F_WIUWlhhZLGoVV8vprSKUTKSZjnPnQZXxyHjJBgDOkcH4ARiazbvfRs-ya-OVfrJ6SC0SpLYltwoRwKgkZtodnad-gSXrsrJJVM0JRkVNIEMpB2uk7IWDUnUtJqlTp0HW_UYV76HuDkgFpKeiLRtYZDV_GV2sDA13QqNLIUWsnxzAmuqP_QoW28WaN7aUFyP-gx1fBcFQZIb8bFxOv-q_Ydh7YwiWlOwpEBr01Cycl9oOV8B8E3xgZpboXPxaBL0N6HBZ1rYWCmZLLDfwD-Zh5cMpaa5Xjo2xMt7DGJmQaQddEEdsXGS3u-GmhGRr7mSKSpUc_s9PxMj4ZtNj1_ey_low-nN4xfh57Y4BXK7ATlj6X1U69_vdm79f7aev9TV_75_O7n1y9vl77h77__AUR96LSuAgAA&sa=X&ved=2ahUKEwiNnJf1zJaGAxXLUGwGHdAQDcMQ7fAIegQIABA1,"Connect, prepare, and validate  prior to loading – and migrate to  applications faster – with  software and management by Syniti.",SAP SE
SAP BTP ABAP Environment,https://www.google.com/search?sca_esv=4490efdd07ced03b&cs=1&q=sap+btp+abap+environment&stick=H4sIAAAAAAAAAFVRTW_TQBCl1VJSU6BaFWj5nLbcmxBSiaPjBlGJoEAiIbhEa3swq9q71u7aUP4CHDjBnV-AxA_gH3BCAiGuXFZC4syJtROlyW135r15b940WjvLrfazdSNzGPoDyJWMi8jof0trC9_lxrj3cHQ4ejr-RJYsWaVnqnbv8cCSDUqrdyCzDFWEEKSyiC1Z87y9bK95W5kyf2nJWW-1_t5pHrnmBXruftAHLdPCcCm0Jev0fDWlW_A0Bj_PXekyvTgpaS5Qa-geH6DmiajpTnqevk1vLmDdhJRHrOrC0BQxl5Z4XqO20GztW3KJbtzjgomIsxQyJliCGQozW8ePompOIIVRMrXkOr1al-PScTCGA2YY9Hmiag1LrtDN2sDIYbpVNKLkSorJzGlcweCRJbt0u47ulUERu0FPmMIXstAI_TkXU6_7rzt3LdmhMGQ5-KFGpw2-iOEBsnKRAfTGxCDLDXe9IaoSlfNhUOWKa5yDTHc4CcDdzAWXTKTmczx09ERxcwzDSCGKGjQNu8rGSbt8FbIMQoc54mmq5XMzO3-kwnEnmp2_007j8OPpTe3WCU0OLHQPPInq58rWqTe_37Zvfbi2NfjcE3-_vP_17eu7le_0x5__xrB52qsCAAA&sa=X&ved=2ahUKEwiNnJf1zJaGAxXLUGwGHdAQDcMQ7fAIegQIABBB,is the Platform-as-a-Service for  developers. A cloud-optimized  platform based on  HANA serves as a development and ...,SAP SE
SAP CPQ,https://www.google.com/search?sca_esv=4490efdd07ced03b&cs=1&q=sap+cpq&stick=H4sIAAAAAAAAAFVRzW4TMRCmlWnTpUBllZ_y6xbuTdqmEsfNNohKBAU2EoJL5NjDYnXX3trehfIKcOAEd54AiQfgDTghgRBXLpaQOHPCu4lCcrNn5vuZbxqtrcXW3tM1q3ISh32Sa8ULZs3fhdW572Jj2H0wOBw8GX5ECw6t4OWq3X3Ud2gd4-odqSwDzYBEqSq4Q6tBsJ1tN3e0LfMXDp0JVurvXvPIN8_js_eiHjEqLaxQ0ji0hs9VLJ1CpJyEee5Ll_CFcckICcaQzskBGJHIGu6lZ-Gb-ObcrGdIBaNVl8S24EI5FASN2kKzte_QRbx-V0gqmaApyaikCWQg7XSdkLGKJ1LSapU6dB1frcu89Bjg5IBaSnoi0bWGQ1fw5drAwM90qmhkKbSSY85JXFH_oUO38GYd3UsLknuix1TDc1UYIL0ZFxOv-6_adxzawiSmOQlHBrw2CSUn94GW8wiCb4wN0twK34tBl6C9Dws618LAzMhkh_8B-Jv54JKx1GyOhx6eaGFPSMw0gKyHJmFX2Xhpn68GmpGRnzkSaWrUMzs9P9OjYZtNz9_eTfnow-ll49dh-fGPpY1Tr3-92b39_tpG_1NX_vn87ufXL2-XvuHvv_8BQ4dUSZoCAAA&sa=X&ved=2ahUKEwiNnJf1zJaGAxXLUGwGHdAQDcMQ7fAIegQIABBT,"Empower your sales team and partners to offer complex product configurations, optimized pricing, and great-looking proposals with .",SAP SE
SAP Extended Warehouse Management,https://www.google.com/search?sca_esv=4490efdd07ced03b&cs=1&q=sap+extended+warehouse+management&stick=H4sIAAAAAAAAAFWRy24TMRSGaWVKOhSorHIpV6ewb0JJJZaTaRCVCApMJASbyBkfBqsee2R7ppRXgAUr2PMESDwAb8AKCYTYsrGExJoVnklIk519bv9_vtNoby23O8_WrcpJHA5IrhUrEmv-Lq0tfJcbo97D4f7w6egjWnJoFZ-q0r3HA4c2MK7ekcoy0AmQSKiCObQWBNvZduu2tmV-6NDpYLX-3mkd-OQ5fOZ-1CdGicJyJY1D6_hsNaVbcMFImOc-dBGfn4QMl2AM6R7tgeGprNu99Hx7E99YqPUTBE9olSWxLRhXDgVBo7bQau86dAFv3OOSyoRTQTIqaQoZSDtbJ0ySak6kpNVKOHQNX6nDrPQ9wMgetZT0eaprDYcu40u1gaGv6VZoZMm1kpOZU1zR4JFDN3GzRvfSgmR-0BOq4YUqDJD-nIup191XnbsObWES05yEYwNem4SSkQdAy8UOgq9PDNLccp-LQZegvQ8LOtfcwFzJdIdjAP5mHlw6kZrnuO_bU83tEYkTDSDroinsio2X9nw10IyMfc0BF8Ko53Z2_kSPR51kdv7OjmDjDyebxq8D_wkczggc3-HHyuaJ17_e7Nx6f3Vz8Kkn_3x-9_Prl7cr3_D33_8AlPv_O7QCAAA&sa=X&ved=2ahUKEwiNnJf1zJaGAxXLUGwGHdAQDcMQ7fAIegQIABBl,"Manage high-volume  operations with  – a modern, automated  system (WMS) that integrates ...",SAP SE
Supply chain management,https://www.google.com/search?sca_esv=4490efdd07ced03b&cs=1&q=supply+chain+management&stick=H4sIAAAAAAAAAFVRzW4TMRCmlSnpUqCyCqX8TlvuTSiJxHGzDaJSgwIbCcElcrxma3XXXtnehfAKcOAEd54AiQfgDTghgRBXLpaQeuaEdxOFzc2eme9nvmm0dpZbnefrRmYQ-gPIlIxyavTfpbWF73Jj1Hs0PBw-G31CSxat4nNlu_dkYNEGxuU7kGnKFGUQJDKPLFrzvL10r3lXmSJ7adF5b7X63mueuOYlfOFh0Actk9xwKbRF6_hiydLNeRKBn2WutIkvT0uaC6Y1dCcHTPNYVHAnXYdv49sLs44h4ZSUXQhNHnFpkec1KgvNVseiK3jjARdEUE4SSIkgMUuZMPN1fEpLnkAKo2Ri0U18vSpHhcOwCA6IIdDnsao0LLqGr1YGhm6mW0YjCq6kmHLO4goGjy3axdtVdK8ME5EjekoUO5a5ZtCvuZh57bxu37doB0NIMvDHmjlt8EUER4wUiwjAt6YGSWa464VMFUw5H4apTHHNaiOzHf4H4G7mgounUvUcDx08VtxMIKSKMVENzcIus3HSLl_FSApjN3PCk0TLF2Z-fqrGozadn7-9n0Tjj2c3de7uMwF6TLiopf9zZevMm99v9-98uLE1-NwTp1_e__r29d3Kd_zjzz_1eozIqgIAAA&sa=X&ved=2ahUKEwiNnJf1zJaGAxXLUGwGHdAQDcMQ7fAIegQIABBu,(SCM) Solve your most-pressing operational challenges and respond to changes in  and demand at the speed of business.,SAP SE
Sap Absence And Leave Management,https://www.google.com/search?sca_esv=4490efdd07ced03b&cs=1&q=sap+absence+and+leave+management&stick=H4sIAAAAAAAAAFVRzW4TMRCmlSnpUqCyWkr5dVvuTWhT1ONmG0QlggIbCcElcnaHxarXXtnehfYVyoET3HkCJB6AN-CEBEJcuVhC4swJ72aVJjd7Zr75fqbR2pxv3X-xbGRGQr9PMiXjPDL639zSzHe-Mew-HhwOng8_oTmLFvGFst192rdoBePyHcg0BRUBCbjMY4uWPG873W7eU6bIXlt00VusvrvNI9e8gi89DHpES54bJoW2aBlfLrd0csZj4meZK63h1XFJMwFak87xAWiWiAruqKfhG_jOzKzbwFlEyy4JTR4zaZHnNSoJzdaeRVfxygMmqIgY5SSlgiaQgjATO34UlXsCKYyS3KJb-EZVjguHgZgcUENJjyWq4rDoOr5WCRi4mU4ZjSiYkmK8s44r6D-xaAtvVNG9MSBit-gZVfBK5hpIb0pFrXXvpL1v0SYmIc2IP9LguIkvYvIIaDGLIPj2WCDNDHO9EFQByukwoDLFNEyN1B7OAnA3c8ElY6rpHA8dPFHMHJMwUgCiGqrDLrNx1C5fBTQlIzdzxDjX8qWZnD9So2E7mpy_vcPj0cfzRDs7tLZDnR1e2Tk7w8-F9XOnv9_u3P1wc73_uSv-fnn_69vXdwvf8Y8__wHCQr9TswIAAA&sa=X&ved=2ahUKEwiNnJf1zJaGAxXLUGwGHdAQDcMQ7fAIegQIABB_,Manage requests for employee leave of absence efficiently with  by WorkForce Software. https://www.sap.com/products/hcm/leave- ...,SAP SE
SAP Adaptive Server Enterprise,https://www.google.com/search?sca_esv=4490efdd07ced03b&cs=1&q=sap+adaptive+server+enterprise&stick=H4sIAAAAAAAAAFVRzW4TMRCmlSnpUqCyWkr5KW7h3qQlVTlutqmoRFBgIyG4RM7usFj12ivbu1BeAQ6c4M4TIPEAvAEnJCrElYslJM6c8O6GkNzsmfl-5ptGa2u-tf902ciMhH6fZErGeWT0n7mlme98Y9h9MDgaPBl-RHMWLeJzZbv7qG_RCsblO5BpCioCEnCZxxYted52ut3cUabIXlh03lusvneax655CV-4F_SIljw3TApt0TK-WLJ0csZj4meZK63h1bqkmQCtSefkADRLRAV30tPwTXxzZtYxcBbRsktCk8dMWuR5jcpCs7Vn0WW8csgEFRGjnKRU0ARSEGayjh9FJU8ghVGSW3QDX6vKceEwEJMDaijpsURVGhZdxVcqAwM30ymjEQVTUtSc47iC_kOLbuHNKrqXBkTsiB5TBc9lroH0plyMve69at-1aAuTkGbEH2lw2sQXMbkPtJhFELxRG6SZYa4XgipAOR8GVKaYhqmR8Q7_A3A3c8EltdR0jkcOnihmTkgYKQBRDY3DLrNx0i5fBTQlIzdzzDjX8pmZnD9So2E7mpy_vcvj0YezG9qtQ_851bVTmDj9vrB-5vXPN7u3319f73_qit-f3_34-uXtwjd8-usvxLnc5bECAAA&sa=X&ved=2ahUKEwiNnJf1zJaGAxXLUGwGHdAQDcMQ7fAIegUIABCRAQ,"Drive faster, more reliable online transaction processing (OLTP) for less with . The high-performance SQL database  uses ...",SAP SE
SAP Advanced Financial Closing,https://www.google.com/search?sca_esv=4490efdd07ced03b&cs=1&q=sap+advanced+financial+closing&stick=H4sIAAAAAAAAAFVRzW4TMRCmlSnpUqCyCqX8FLfl3oSSSj1utkFUIiiwkRBcIsc7Xazu2ivbu9C-Ahx6KneeAIkH4A04IYEQVy6WkDhzwrsbQnKzZ-b7mW8arc351t6LZSMzEvp9kikZ5czoP3NLM9_5xrD7eHAweD78gOYsWsQXynb3ad-iFYzLdyDTFBQDEiQyjyxa8rztdLt5T5kie2XRRW-x-t5vHrnmFXzpYdAjWia54VJoi5bx5ZKlk_MkIn6WudIqvlqXNBegNekc74PmsajgTnoavoHvzMw6hoQzWnZJaPKIS4s8r1FZaLZ2LbqGVx5wQQXjNCEpFTSGFISZrOMzVvIEUhglE4tu45tVOSocBiKyTw0lPR6rSsOiG_h6ZWDgZjplNKLgSoqacxxX0H9i0RbeqKJ7bUBEjugZVfBS5hpIb8rF2OvuSXvPok1MQpoRf6TBaRNfROQR0GIWQfB6bZBmhrteCKoA5XwYUJniGqZGxjv8D8DdzAUX11LTOR44eKy4OSYhUwCiGhqHXWbjpF2-CmhKRm7miCeJlodmcn6mRsM2m5y_vZNEo_fn17Vbh_6zcTixwWob3xfWzr35-Xbn7rtba_2PXfH709mPL59PF77ib7_-AkuA5S6xAgAA&sa=X&ved=2ahUKEwiNnJf1zJaGAxXLUGwGHdAQDcMQ7fAIegUIABCaAQ,"Streamline  with the  Account Substantiation and Automation by BlackLine, which complements finance solutions from . https://www..com/ ...",SAP SE
SAP Business Integrity Screening,https://www.google.com/search?sca_esv=4490efdd07ced03b&cs=1&q=sap+business+integrity+screening&stick=H4sIAAAAAAAAAFVRzW7TQBCm1VJSU6BalZ_yOy3cm7akEkfHDaISQQFHQnCJ1vZgVrV3rd21obwCHDjBnSdA4gF4A05IIMSVy0pInDmxdtKQ3HZn5vuZb1rbm4s77aerRhYQ-gMolEzK2Oi_Cytz38XWqPdgeDB8MvpIFixZpqfqdu_RwJI1Sut3IPMcVYwQZLJMLFnxvK18q72jTFW8sOS0t9x8b7cPXfMcPXMv6IOWWWm4FNqSVXq2ZumWPEvALwpXukjPj0uaC9Qaukf7qHkqGriTnoVv0Btzs44h4zGruxCaMuHSEs9rNRba23uWXKBrd7lgIuYsg5wJlmKOwkzX8eO45gmkMEpmllyjV5pyUjkMJrDPDIM-T1WjYclleqkxMHQz3ToaUXElxZhzElcweGjJTbrRRPfSoEgc0WOm8LksNUJ_xsXE696rzh1LNimErAA_0ui0wRcJ3EdWzSOAXh8bZIXhrheiqlA5HwZVobjGmZHJDv8DcDdzwaVjqdkcDxw8VdwcQRgrRNEMTcKus3HSLl-FLIfIzRzyLNPymZmeP1bRqBNPz9_ZzZLow0nQbp3oWINPNfSxxo-l9ROvf73ZvfX-6vrgU0_8-fzu59cvb5e-0e-__wGCuOVqswIAAA&sa=X&ved=2ahUKEwiNnJf1zJaGAxXLUGwGHdAQDcMQ7fAIegUIABCjAQ,Mitigate fraud risk and reduce losses by improving the detection and prevention of anomalies with .,SAP SE
SAP Content Stream by Skillsoft,https://www.google.com/search?sca_esv=4490efdd07ced03b&cs=1&q=sap+content+stream+by+skillsoft&stick=H4sIAAAAAAAAAFVRTW8TMRCllSnpUqCyWkr5qlu4N2mbSj1utkFUalBgIyG4RI53WKzu2ivbu1D-Ahw4wZ1fgMQP4B9wQgIhrlwsIfXMCe9mCcnNnnlv3ps3jdbW_E7r6bKRGQn9PsmUjHJm9J-5pZnvfGPYfTA4GjwZfkRzFi3iC2W7-6hv0QrG5TuQaQqKAQkSmUcWLXnedrrd3FGmyF5YdNFbrL57zRPXvIIv3Q96RMskN1wKbdEyvlxO6eQ8iYifZa60hlfHJc0FaE06p4egeSwqupOepm_ijRmsm5BwRssuCU0ecWmR5zUqC83WvkVX8co9LqhgnCYkpYLGkIIwk3V8xso5gRRGycSiW_hGVY4Kx4GIHFJDSY_HqtKw6Dq-VhkYOEynjEYUXEkxnlnHFfQfWnQHb1bRvTQgIjfoMVXwXOYaSG_KRe11_1X7wKItTEKaEX-kwWkTX0TkGGgxyyD49tggzQx3vRBUAcr5MKAyxTVMQeod_gfgbuaCi8dS0zkeOXqsuDklIVMAogLVYZfZOGmXrwKakpHDnPAk0fKZmZyfqdGwzSbnb-8m0ejD-Q3t1mE1XU_o-h_9x8L6ude_3uzefX9zvf-pK84-v_v59cvbhW_4---_oMhZqLICAAA&sa=X&ved=2ahUKEwiNnJf1zJaGAxXLUGwGHdAQDcMQ7fAIegUIABC1AQ,Help learners meet their goals with an intelligent digital learning experience from .,SAP SE
DigitalRoute,https://www.google.com/search?sca_esv=4490efdd07ced03b&cs=1&q=digitalroute&stick=H4sIAAAAAAAAAFVRTW8TMRCllSnpEqCyWqB8uoV707SpxHGzDaISQYGNhOASOethseq1V7Z3ofwFOHCCO78AiR_AP-CEBEJcuVhC4swJ7yYKyc2eeW_emzeN3e3ldvvpmlU5icMBybViRWLN36Xmwne5Meo9GB4Nn4w-oiWHVvGZqt17NHBoHePqHaksA50AiYQqmEPNINjJdlptbcv8hUNng9X6u9869s0L-Ny9qE-MEoXlShqH1vD5akq34IKRMM996RLemJQMl2AM6Z4cguGprOleep6-hW8uYP0EwRNadUlsC8aVQ0HQqC20dg8cuojX73JJZcKpIBmVNIUMpJ2tEyZJNSdS0molHLqOr9ZlVnoOMHJILSV9nupaw6Er-HJtYOgx3SoaWXKt5GTmNK5o8NChW3irju6lBcn8oMdUw3NVGCD9ORdTrwevOncc2sYkpjkJxwa8NgklI_eBlosMgm9MDNLcct-LQZegvQ8LOtfcwBxkusP_APzNfHDpRGo-xyNPTzW3JyRONICsQdOwq2y8tM9XA83I2GOOuRBGPbOz8yd6POoks_N39gQbfzjdZDzllgqtCgs_VjZPvf71Zu_2-2ubg089-efzu59fv7xd-Ya___4Hn0U2XZ8CAAA&sa=X&ved=2ahUKEwiNnJf1zJaGAxXLUGwGHdAQDcMQ7fAIegUIABDBAQ,"Monetize business models with , which delivers consistent, consolidated, and transparent data to stakeholders.",SAP SE
Regulatory compliance,https://www.google.com/search?sca_esv=4490efdd07ced03b&cs=1&q=regulatory+compliance&stick=H4sIAAAAAAAAAFVRzW4TMRCmlSnpUqCyWqD8ui33pg2pxHGzDaISQYGNhOASOd5hseq1V7Z3IbwCHDjBnSdA4gF4A05IIMSViyUkzpzwbqKQ3OyZ-X7mm8b-zvJB6-m6VTmJwz7JtUoKZs3fpbWF73Jj2H0wOB48GX5ESw6t4jNVu_uo79AGxtU7UlkGmgGJhCoSh9aCYC_bax5oW-YvHDobrNbf280T37yAz92LesQoUViupHFoHZ-vWDoFFwkJ89yXLuHNSclwCcaQzvgIDE9lDffS8_BtfHNh1jMIzmjVJbEtEq4cCoJGbaG5f-jQRbxxl0sqGaeCZFTSFDKQdrZOyFjFEylptRIOXcdX63JSegwk5IhaSno81bWGQ1fw5drAwM90qmhkybWSE85pXFH_oUO7eLuO7qUFmXiix1TDc1UYIL05F1Ovh6_adxzawSSmOQlHBrw2CWVC7gMtFxEE35gYpLnlvheDLkF7HxZ0rrmBuZHpDv8D8DfzwaUTqfkcjz081dyOScw0gKyHpmFX2Xhpn68GmpGRnznhQhj1zM7Oz_Ro2Gaz87dbIhl9OL2pIS0EtUqPCVOZP1Vl6MfK1qnXv960br2_ttX_1JV_Pr_7-fXL25Vv-Pvvf9NSDyKoAgAA&sa=X&ved=2ahUKEwiNnJf1zJaGAxXLUGwGHdAQDcMQ7fAIegUIABDNAQ,"to fulfil digital tax , from e-invoicing to statutory  requirements.",SAP SE
