link,title,source,snippet,company
https://www.quora.com/What-is-the-most-awesome-Microsoft-product-Why,What is the most awesome Microsoft product? Why?,Quora,"They have created some of the most popular  like  Word, Excel, PowerPoint, Outlook and Internet Explorer. The most awesome ...",Microsoft Corporation
https://www.visualcapitalist.com/microsofts-revenue-by-product-line/,"Visualizing Microsoft's Revenue, by Product Line",Visual Capitalist,"Most Lucrative Business Segments ; Cloud Computing Services, $80B · 38% ; Cloud  Suite , $49B · 23% ; Operating Systems ...",Microsoft Corporation
https://www.statista.com/topics/823/microsoft/,Microsoft - statistics & facts,Statista,"Find the latest statistics on , one of the largest cloud and computer  providers in the world.  is the most ...",Microsoft Corporation
https://www.microsoft.com/en-us/store/b/accessories,PC and Computer Accessories & Tech Gadgets - Microsoft,Microsoft,Why buy from  Store · Multiple ways to pay​ · 60-day price protection​ · Get cash for your used device · Free 2-3 day shipping and 60 day returns​.,Microsoft Corporation
https://www.31west.net/blog/ten-best-microsoft-office-365-features/,What are the 10 Best Microsoft Office 365 Features?,31West,10  365 Features: · Office 365 Apps for Web and Mobile · Microsoft Teams In-App · Microsoft 365 Cloud Storage · MS Office Planner ...,Microsoft Corporation
https://devtechnosys.com/insights/top-microsoft-technologies-companies/,Top 10 Microsoft Technologies Companies In 2023,Dev Technosys,"is a  global technology company with a major  and cloud computing presence. In recent years, the company has shifted ...",Microsoft Corporation
https://www.businessinsider.com/best-microsoft-products-ever-2012-8,Microsoft's 10 Best Products Of All Time,Business Insider,10  Of All Time ·  Arc Touch Mouse · Flight Simulator · Original Xbox · Windows 95 ·  Exchange Server.,Microsoft Corporation
https://azure.microsoft.com/en-in,Microsoft Azure: Cloud Computing Services,Microsoft,Maximise cloud business value for your organisation by leveraging Azure  and services to implement FinOps  practises that can support cloud cost ...,Microsoft Corporation
https://www.educba.com/microsoft-office-application/,"Top 17 Microsoft Office Applications | Features, Uses & Tips",EDUCBA,Applications: 1. Word 2. Excel 3. PowerPoint 4. OneDrive 5. Teams 6. Outlook 7. Access 8. OneNote 9. Skype for Business...,Microsoft Corporation
https://www.mimecast.com/,Mimecast: Email & Collaboration Security,Mimecast,Not Available,Mimecast Limited
https://www.mimecast.com/,Mimecast: Email & Collaboration Security,Mimecast,"enables 42000+ organizations globally to Work Protected, helping to secure what's most vulnerable - communications, people, and data.",Mimecast Limited
https://www.mimecast.com/content/secure-email-services/,Secure Email Services,Mimecast,"As a cloud-based solution,  secure email  provide always-on, always up-to-date protection with flexible and granular email security controls.",Mimecast Limited
https://www.capterra.in/software/119826/mimecast-email-security,"MimeCast Email Security Price, Features, Reviews & Ratings",Capterra India,"Cloud-based email marketing solution that enables businesses to protect emails from spam, phishing, malware and other online threats using secure gateways, URL/ ...",Mimecast Limited
https://www.mimecast.com/solutions/,Cyber Security Solutions,Mimecast,"solutions are easy to deploy, simple to manage and keep your team one step ahead of cyber threats. ​. Protect Communications.",Mimecast Limited
https://www.mimecast.com/content/cyber-security-services/,Cyber Security Services & Solutions,Mimecast,offers cloud-based email management  and cyber security solutions that provide powerful support for your cyber resilience strategy. Email ...,Mimecast Limited
https://6sense.com/tech/threat-detection-and-prevention/mimecast-email-security-with-threat-protection-market-share,Mimecast Email Security with Threat Protection,6Sense,The  three products and  offering customers that use  Email Security with Threat Protection for Threat Detection And Prevention are Managed ...,Mimecast Limited
https://www.gartner.com/reviews/market/email-security/vendor/mimecast/product/mimecast-email-security/alternatives,Competitors and Alternatives to Mimecast Email Security,Gartner,Email Security Alternatives · Proofpoint Email Security and Protection · Barracuda Email Security Gateway · Abnormal Cloud Email Security Platform ...,Mimecast Limited
https://www.mimecast.com/products/email-security/,Advanced Email Security,Mimecast,Email security is critical for all organizations. Block all email attacks using  advanced email security product with targeted threat protection.,Mimecast Limited
"https://en.wikipedia.org/wiki/Oracle_Corporation#:~:text=The%20company%20sells%20database%20software,Oracle%20Database)%20and%20cloud%20computing.",Oracle Corporation - Wikipedia,Wikipedia,Not Available,Oracle Corporation
https://www.oracle.com/in/products/oracle-a-z/,Products A-Z | Oracle India,Oracle,"E-Business Suite · EAGLE,  Communications · Edition-Based Redefinition,  Database · Elastic Charging Engine,  Communications · Eloqua Marketing ...",Oracle Corporation
https://www.quora.com/What-are-some-of-the-most-used-applications-of-Oracle,What are some of the most used applications of Oracle?,Quora,"These are some of the most used applications of :  Fusion Applications,  E-Business Suite , PeopleSoft Enterprise, Siebel,JD ...",Oracle Corporation
https://www.oracle.com/in/applications/products/,SaaS Products,Oracle,SaaS  ·  Analytics · Analytics Platform · Analytics Mobile Application · ERP Analytics · HCM Analytics · Fusion Analytics · Fusion CX Analytics ...,Oracle Corporation
https://www.softwaretestinghelp.com/oracle-products-and-services/,A Comprehensive Guide To Oracle Products And Services,Software Testing Help,And Services Offered By  · #1) Applications · #2)  Database · #3) Enterprise Management · #4) Industries · #5) Java And Middleware · #6) ...,Oracle Corporation
https://www.nasdaq.com/articles/3-most-important-product-segments-oracle-2011-03-26,The 3 Most Important Product Segments for Oracle,Nasdaq,The 3 Most Important  Segments for  · 1) Database  - represents 37% of the company's stock value. Database is a data storage ...,Oracle Corporation
https://academy.oracle.com/en/solutions-software-full-list.html,Oracle Licensed Software and Applications,Oracle Academy,Licensed Technology  ; Middleware.  Fusion Middleware ; Business Intelligence.  Business Intelligence ; Operating System.  Solaris ...,Oracle Corporation
https://en.wikipedia.org/wiki/Oracle_Corporation,Oracle Corporation,Wikipedia,The company sells database  (particularly the  Database) and cloud computing.  core application  is a suite of enterprise  ...,Oracle Corporation
"https://www.indeed.com/career-advice/finding-a-job/what-is-sap#:~:text=SAP%2C%20or%20Systems%20Applications%20and,every%20employee%20in%20the%20company.",What Is SAP? (How To Use SAP ERP Software in the Workplace) - Indeed,indeed.com,Not Available,SAP SE
https://en.wikipedia.org/wiki/List_of_SAP_products,List of SAP products,Wikipedia,S/4HANA (Enterprise Resource Planning on-premise and cloud) ;  Business ByDesign (SME Cloud Enterprise Resource Planning) ;  Business One (B1 on HANA) ( ...,SAP SE
https://www.sap.com/india/products/a-z.html,"A to Z Product Listing of SAP Applications, Software and ...",SAP,"Our innovative  are built to meet all your essential business needs – from analytics to human capital management to ERP, and everything in between ...",SAP SE
https://www.simplilearn.com/sap-modules-sap-fi-sap-co-sap-sd-sap-hcm-and-more-rar111-article,"Top SAP Modules List for 2024 [SAP FI, SAP CO, SAP SD, ...",Simplilearn.com,Check out the list of  modules in 2024. Get an overview of all of the  like ✔️ FI ✔️ CO ✔️ SD ✔️ ERP ✔️ PP ✔️ ...,SAP SE
https://www.linkedin.com/pulse/top-7-highest-paid-sap-modules-shikha-sinha,Top 7 Highest Paid SAP Modules,LinkedIn · Shikha Sinha,7  Paid  Modules · 1.  S4 HANA · 2.  ECC FI (Financial Accounting) · 3.  HCM (Human Capital Management).,SAP SE
https://strawpoll.com/most-popular-sap-products,"The Most Popular SAP Products, Ranked",StrawPoll,What Are the Most Popular ? ·  S/4HANA ·  SuccessFactors ·  Ariba ·  Concur ·  Analytics Cloud ·  Hybris ·  Leonardo.,SAP SE
https://learning.sap-press.com/what-is-sap,An In-Depth Look at Software Giant SAP,SAP PRESS Learning Center,"Starting in 2010,  acquired numerous market-, including hybris, Ariba, Concur, SuccessFactors, BusinessObjects, and Signavio. As of 2023,  ...",SAP SE
https://store.sap.com/en/,SAP Store,SAP,Popular on  Store · ERP and Finance · CRM and Customer Experience · Spend Management · Human Capital Management · More Categories. Supply Chain Management.,SAP SE
https://www.youtube.com/@sapproductsandservices,SAP Products & Services,YouTube · SAP Products & Services,"is a leader in cloud solutions for every business need. Proven and  in class: integrated, with silos down, productivity up, and potential unleashed.",SAP SE
"https://en.wikipedia.org/wiki/Hitachi#:~:text=Hitachi%2C%20Ltd.,healthcare%20products%2C%20and%20financial%20systems.",Hitachi - Wikipedia,wikipedia.org,Not Available,Hitachi Ltd
http://www.hitachi.us/products/search,Hitachi Products & Solutions : AZ Listing,Hitachi America,& Solutions : A-Z Listing · Advanced Energy Solutions. Asset and Work Management · Cybersecurity · Digitalization · Air Compressors. Air Systems ...,Hitachi Ltd
https://www.hitachi-ip.com/products/,"Hitachi Industrial Products, Ltd.",Hitachi Industrial Products,· EV Charger · Traction Motors · Compressor · Pump system · Induction Motor · Medium Voltage Multi-level IGBT Drives · Electric railroad transformers.,Hitachi Ltd
https://buy.hitachiaircon.in/e-shop,Hitachi E-Shop: Buy air conditioners & Refrigerators,Hitachi E-Shop,"E-Shop offers  prices on air conditioners, split ac, window ac, refrigerators in India. Buy  ac and refrigerators online with confidence.",Hitachi Ltd
https://www.hitachi.com/jsp/hitachi/hitachi/product/,HITACHI GLOBAL : Products and Services,Hitachi Global,"& Services ... Kitchen , Home / Life , Beauty / Health , Air Conditioners , AV Equipment / PC / Mobile Phones , Home Equipment / Remodeling , etc...",Hitachi Ltd
https://www.croma.com/hitachi-products/bp/b-0159,Buy Hitachi Products Online at Best Prices,Croma,"Buy  latest  online at  prices. Shop  like  Inverter ACs, Refrigerators, Window ACs, Split ACs and 5 Star ACs ...",Hitachi Ltd
https://www.hitachi-ip.com/,"Hitachi Industrial Products, Ltd.",Hitachi Industrial Products,Industrial  provides  & Services that promote Electrification and reduction of CO emissions for customers' environmental value. Large ...,Hitachi Ltd
https://www.hitachi.co.in/social-innovation-business/,Products & Solutions | Social Innovation Business,Hitachi in India,& SOLUTIONS.  India delivers sustainable  and solutions with the aim to support people's quality of life with data,Hitachi Ltd
"https://in.nec.com/en_IN/about/NEC-Corporation-India/about-nec-india.html#:~:text=NEC%20is%20a%20leader%20in,empowering%20people%2C%20businesses%20and%20society.",About NEC Corporation India Pvt. Ltd.,nec.com,Not Available,NEC Corporation
https://in.nec.com/en_IN/products/index.html,Products | NEC India,NEC India,"Ask for  & solutions, from projector and retail POS, cloud computing to NFC (Near Field Communications). Click for all  & solutions by .",NEC Corporation
https://in.nec.com/en_IN/index.html,NEC India: Innovative ICT services provider & Digital ...,NEC India,"Corporation India is  IT Services provider company in India provides Solutions for the Public safety, Aviation, Transportation, Biometrics, ...",NEC Corporation
https://www.ubuy.co.in/brand/nec,Buy Nec Products Online at Best Prices in India,Ubuy India,"Shop for  online at discounted prices on Ubuy India, a  store for  for sale along with great deals, offers & fast delivery ...",NEC Corporation
https://www.justdial.com/jdmart/Delhi/NEC-Telecommunication-Equipment/jdm-2345227-ent-4-22149042?b2bcity=5003%7CDelhi&srcterm=,Top Nec Telecommunication Equipment Products in Delhi,Justdial,"Find 33  Telecommunication Equipment,  Equipment For Telephone, Telecom Equipment, Telicom Equipment  from verified sellers in Delhi.",NEC Corporation
https://in.nec.com/en_IN/global/solutions/univerge/index.html,"Video Conferencing Solutions, Unified Communications ...",NEC India,offers the  Smart city IT solutions including video conferencing solutions and other communication solutions that facilitate seamless ...,NEC Corporation
https://en.wikipedia.org/wiki/NEC,NEC,Wikipedia,"Corporation is a Japanese multinational information technology and electronics corporation, headquartered at the  Supertower in Minato, Tokyo, Japan.",NEC Corporation
https://in.nec.com/en_IN/global/solutions/5g/Industry-Recognitions.html,NEC Industry Awards Recognitions,NEC India,are finalists in the categories of “Most Innovative Open RAN  or Solution”  Lights 2022: The Finalists  are finalists in the categories of ...,NEC Corporation
https://www.6sense.com/tech/it-service-management/nec-corporation-market-share,"NEC corporation - Market Share, Competitor Insights in IT ...",6Sense,"The  three  and services offering customers that use  corporation for IT Service Management are Cloud Services (30), Managed Services (23), ...",NEC Corporation
"https://webkul.com/blog/the-top-10-most-popular-products-of-salesforce/#:~:text=Sales%20Cloud%3A%20Sales%20Cloud%20is,productivity%20and%20close%20more%20deals.",The Top 10 Most Popular Products of Salesforce - Webkul,Webkul,Not Available,Salesforce Inc
https://demandblue.com/salesforce-products/,Top 10 Salesforce Products in 2024 | Transform Your ...,DemandBlue,that Can Transform Your Business in 2024 · 1. Salesforce Sales Cloud · 2. Salesforce Service Cloud · 3. Salesforce ...,Salesforce Inc
https://www.salesforce.com/in/products/,Einstein 1 - Complete Salesforce Products & Software Suite,Salesforce,All . One integrated platform. · AI · Sales · Service · Marketing · Commerce · Data Cloud · Tableau · MuleSoft.,Salesforce Inc
https://www.omi.co/crm-configuration/top-salesforce-products/,Top 11 Salesforce Products for Your Business Growth - OMI,omi.co,"Learn more information about  that will boost your business. Main features, prices, pros and cons are here.",Salesforce Inc
https://www.salesforce.com/eu/company/recognition/products/,Products,Salesforce,CODiE Awards:  Business Software Solution:  CRM · CODiE Awards:  Relationship Management Solution:  CRM · CODiE Awards:  Software ...,Salesforce Inc
https://webkul.com/blog/the-top-10-most-popular-products-of-salesforce/,The Top 10 Most Popular Products of Salesforce,Webkul,The  10 Most Popular  of  · Sales Cloud: Sales Cloud is  flagship  and is their most popular CRM ...,Salesforce Inc
https://martech.zone/salesforce-product-landscape/,A List Of All Salesforce Products For 2023,Martech Zone,"for Sales and Marketing:​​ Sales Cloud:  flagship CRM , designed to accelerate the sales cycle and manage ...",Salesforce Inc
https://www.tdinsights.com/infographics/popular-salesforce-products/,List of Top 10 Most Popular Salesforce Products,TDInsights,Exploring the 10 Most Popular  · 10. Quip · 9. Einstein · 8. AppCloud · 7. Community Cloud · 6. Analytics Cloud · 5. Revenue Cloud · 4.,Salesforce Inc
https://www.salesforce.org/products/,Products,Salesforce.org,and the Customer 360 · Slack · Mulesoft · Tableau ·  Platform.,Salesforce Inc
https://www.celent.com/vendormatch/discovery/vendors/fis/solutions,Products/Services | FIS - Celent,Celent,Not Available,Fidelity National Information Services Inc
https://en.wikipedia.org/wiki/FIS_(company),FIS (company),Wikipedia,", Inc. (FIS) is an American multinational corporation which offers a wide range of financial  and services.",Fidelity National Information Services Inc
https://www.celent.com/vendormatch/discovery/vendors/fis/solutions,Products/Services | FIS,Celent,/ - FIS is a  provider of technology solutions for financial institutions and businesses of all sizes and across any industry ...,Fidelity National Information Services Inc
https://groww.in/us-stocks/fis,FIS - Fidelity National Information Services,Groww,Get the LIVE share price of (FIS) and stock performance in one place to strengthen your trading strategy in US stocks.,Fidelity National Information Services Inc
https://www.globaldata.com/company-profile/fidelity-national-information-services-inc/,Fidelity National Information Services Inc Company Profile,Home - GlobalData,"The solutions include transaction and account processing; fraud, risk management, and compliance; payment; lending; wealth and retirement; and corporate ...",Fidelity National Information Services Inc
https://www.fisglobal.com/banking/core,Core Banking,FIS Global,FIS®' core banking solutions gives the tools to streamline business processes. Easily upgrade your bank's legacy core to the future of banking.,Fidelity National Information Services Inc
https://fisglobal.gcs-web.com/news-releases/news-release-details/fis-named-top-200-fintech-company-digital-banking-solutions,FIS Named Top 200 Fintech Company for Digital Banking ...,FIS Global,"Key : CNBC selected FIS from 1,500 companies that are building innovative, tech-enabled and finance-related  and .",Fidelity National Information Services Inc
https://www.investor.fisglobal.com/static-files/8eb0019b-aec1-45b7-9870-682667247a4e,FIDELITY NATIONAL INFORMATION SERVICES,FIS Global,"FIS provides a comprehensive range of core processing , check , card issuer and transaction processing , risk management ...",Fidelity National Information Services Inc
https://www.gartner.com/reviews/market/global-retail-core-banking/vendor/fis-global/alternatives,FIS Alternatives - Global Retail Core Banking,Gartner,FIS Alternatives · Fiserv · Oracle · Intellect Design Arena · Jack Henry & Associates · Infosys (EdgeVerve) · Tata Consultancy  (TCS) · Finastra · SAP.,Fidelity National Information Services Inc
https://appsource.microsoft.com/en-us/product/web-apps/cyprus1676381115144.amdocsppcatalg?tab=overview,Amdocs Product & Pricing Catalog,Microsoft AppSource,"The  & Pricing Catalog helps enhance the customer experience and identify new revenues, through actionable insights that help find ...",Amdocs Inc
https://www.fintechfutures.com/2023/07/how-telco-software-giant-amdocs-is-looking-to-make-waves-in-fintech/,How telco software giant Amdocs is looking to make ...,FinTech Futures,"In terms of key  brings into the mix, he highlights  management and pricing and billing. He says the company can help ...",Amdocs Inc
https://www.amdocs.com/about,Amdocs helps those who build the future to make it amazing,Amdocs,"is a trusted partner to the world's  communications & media companies, enabling them to make it amazing for their customers.",Amdocs Inc
https://omdia.tech.informa.com/om009273/vendor-services-review-amdocs,Vendor Services Review: Amdocs - Omdia - Informa,Omdia,"provides software and services to communications and media service providers. Its core software  sit within the OSS, BSS, and network control and ...",Amdocs Inc
https://www.amdocs.com/news-press/amdocs-market-leadership-key-domains-recognized-top-telecom-industry,Amdocs' Market Leadership in Key Domains Recognized ...,Amdocs,ABI research ranked  as overall leader and  implementer in cloud-native network automation and orchestration software. eSIM ...,Amdocs Inc
https://www.linkedin.com/showcase/amdocs-technology-labs/,Amdocs Labs,LinkedIn,...  telcos utilize  to reach their objectives and visionary demos portraying the telecom industry's exciting future.,Amdocs Inc
https://www.appsruntheworld.com/customers-database/products/view/amdocs-ensemble,List of Amdocs Ensemble Customers,apps run the world,Apps  500 · Cloud  500 · HCM  500. Cloud.  ...  on a quarterly basis. Each quarter our ... The  Ensemble customer wins are being ...,Amdocs Inc
https://www.youtube.com/watch?v=D1f2YjdM2yw,Amdocs Financial Services Product and Pricing Innovation,YouTube,Not Available,Amdocs Inc
https://www.shiksha.com/online-courses/data-base-administration-amdocs-products-certification-6,Data Base Administration Amdocs Products Online ...,Shiksha,"Page 6 -Find  4971 Paid & Free online Data Base Administration  courses, certifications, trainings, programs & specialization ...",Amdocs Inc
"https://www.simplilearn.com/tutorials/git-tutorial/what-is-github#:~:text=GitHub%20is%20an%20increasingly%20popular,facilitate%20project%20management%20and%20collaboration.",What is GitHub And How To Use It? - Simplilearn.com,simplilearn.com,,GitHub
https://github.com/topics/best-selling-products,best-selling-products,GitHub,"Discover key trends, -selling , optimal advertising timing, and actionable recommendations for growth. The interactive dashboard ...",GitHub
https://github.com/topics/best-sellers,best-sellers · GitHub Topics,GitHub,"list of the current  15 hardcover graphic, fiction, and nonfiction book  sellers called through the New York Times' api.",GitHub
https://www.hostinger.in/tutorials/most-popular-github-repos,15 Most Popular GitHub Repos for Developers in 2024,Hostinger,"Check out the 15  repos: 1. freeCodeCamp/freeCodeCamp 2. EbookFoundation/free-programming-books, and more.",GitHub
https://github.com/Kaustubh-Natuskar/moreThanFAANGM,Good Product Based Companies & Startups,GitHub,This repository contains opportunities for you to apply to more than 400  base companies(NOT JUST FAANGM) & good start-ups.,GitHub
https://github.com/EvanLi/Github-Ranking,EvanLi/Github-Ranking,GitHub,A new bootable USB solution.  Source Code Mirror - This is a publish-only repository but pull requests can be turned into patches to the mailing list via ...,GitHub
https://www.producthunt.com/topics/github,The Best GitHub Apps and Products of 2024,Product Hunt,"Find the  apps on  Hunt.  10 : Web Gradients,  Projects, Prettier, Dub.co, Appwrite, VuePress, Outline by Alphabet, ...",GitHub
https://github.com/topics,Topics on GitHub,GitHub,"Browse popular topics on . ... ReactiveUI is a composable, cross-platform model-view-viewmodel framework for all .NET platforms. ... Emacs is an extensible, ...",GitHub
https://github.blog/category/product/,Product News and Updates,The GitHub Blog,"See what's new on . Get updates on our , features, and more. Then try them out in your own workflows.",GitHub
